Año,Sede,Grado_num,Grado,Prueba,QuizName,Estudiantes,Promedio,Debajo_igual_50,Encima_50,Pct_50_o_menos,Pct_mas_50
2026,COT,5.0,5°,Ciencias naturales,Ciencias naturales,36,60.27777777777778,9,27,25.0,75.0
2026,COT,6.0,6°,Ciencias naturales,Ciencias naturales,32,65.3125,8,24,25.0,75.0
2026,COT,7.0,7°,Ciencias naturales,Ciencias naturales,35,60.0,8,27,22.857142857142858,77.14285714285715
2026,COT,8.0,8°,Ciencias naturales,Ciencias naturales,31,60.32258064516129,11,20,35.483870967741936,64.51612903225806
2026,COT,9.0,9°,Ciencias naturales,Ciencias naturales,36,55.69444444444444,16,20,44.44444444444444,55.55555555555556
2026,COT,10.0,10°,Ciencias naturales,Ciencias naturales,22,65.0,4,18,18.181818181818183,81.81818181818183
2026,MOS,5.0,5°,Ciencias naturales,Ciencias naturales,14,48.57142857142857,8,6,57.14285714285714,42.857142857142854
2026,MOS,6.0,6°,Ciencias naturales,Ciencias naturales,31,56.45161290322581,16,15,51.61290322580645,48.38709677419355
2026,MOS,7.0,7°,Ciencias naturales,Ciencias naturales,23,52.608695652173914,9,14,39.130434782608695,60.86956521739131
2026,MOS,8.0,8°,Ciencias naturales,Ciencias naturales,20,60.75,6,14,30.0,70.0
2026,MOS,9.0,9°,Ciencias naturales,Ciencias naturales,10,52.5,6,4,60.0,40.0
2026,MOS,10.0,10°,Ciencias naturales,Ciencias naturales,4,52.5,2,2,50.0,50.0
2026,TUN,5.0,5°,Ciencias naturales,Ciencias naturales,31,62.58064516129032,7,24,22.58064516129032,77.41935483870968
2026,TUN,6.0,6°,Ciencias naturales,Ciencias naturales,32,61.25,10,22,31.25,68.75
2026,TUN,7.0,7°,Ciencias naturales,Ciencias naturales,22,65.22727272727273,6,16,27.27272727272727,72.72727272727273
2026,TUN,8.0,8°,Ciencias naturales,Ciencias naturales,25,64.4,7,18,28.000000000000004,72.0
2026,TUN,9.0,9°,Ciencias naturales,Ciencias naturales,14,63.57142857142857,1,13,7.142857142857142,92.85714285714286
2026,TUN,10.0,10°,Ciencias naturales,Ciencias naturales,13,72.6923076923077,2,11,15.384615384615385,84.61538461538461
2026,ZIPA,5.0,5°,Ciencias naturales,Ciencias naturales,67,55.67164179104478,23,44,34.32835820895522,65.67164179104478
2026,ZIPA,6.0,6°,Ciencias naturales,Ciencias naturales,73,50.95890410958904,39,34,53.42465753424658,46.57534246575342
2026,ZIPA,7.0,7°,Ciencias naturales,Ciencias naturales,65,68.15384615384616,13,52,20.0,80.0
2026,ZIPA,8.0,8°,Ciencias naturales,Ciencias naturales,73,70.34246575342466,10,63,13.698630136986301,86.3013698630137
2026,ZIPA,9.0,9°,Ciencias naturales,Ciencias naturales,48,69.47916666666667,6,42,12.5,87.5
2026,ZIPA,10.0,10°,Ciencias naturales,Ciencias naturales,35,68.0,7,28,20.0,80.0
2026,COT,5.0,5°,Ciencias sociales,Ciencias sociales,38,49.473684210526315,21,17,55.26315789473685,44.73684210526316
2026,COT,6.0,6°,Ciencias sociales,Ciencias sociales,31,72.41935483870968,4,27,12.903225806451612,87.09677419354838
2026,COT,7.0,7°,Ciencias sociales,Ciencias sociales,35,73.28571428571429,6,29,17.142857142857142,82.85714285714286
2026,COT,8.0,8°,Ciencias sociales,Ciencias sociales,31,67.90322580645162,7,24,22.58064516129032,77.41935483870968
2026,COT,9.0,9°,Ciencias sociales,Ciencias sociales,35,66.14285714285714,9,26,25.71428571428571,74.28571428571429
2026,COT,10.0,10°,Ciencias sociales,Ciencias sociales,22,68.18181818181819,4,18,18.181818181818183,81.81818181818183
2026,MOS,5.0,5°,Ciencias sociales,Ciencias sociales,10,32.5,9,1,90.0,10.0
2026,MOS,6.0,6°,Ciencias sociales,Ciencias sociales,30,56.333333333333336,14,16,46.666666666666664,53.333333333333336
2026,MOS,7.0,7°,Ciencias sociales,Ciencias sociales,19,47.63157894736842,13,6,68.42105263157895,31.57894736842105
2026,MOS,8.0,8°,Ciencias sociales,Ciencias sociales,20,59.0,8,12,40.0,60.0
2026,MOS,9.0,9°,Ciencias sociales,Ciencias sociales,9,65.0,2,7,22.22222222222222,77.77777777777779
2026,MOS,10.0,10°,Ciencias sociales,Ciencias sociales,4,61.25,2,2,50.0,50.0
2026,TUN,5.0,5°,Ciencias sociales,Ciencias sociales,31,42.25806451612903,22,9,70.96774193548387,29.03225806451613
2026,TUN,6.0,6°,Ciencias sociales,Ciencias sociales,32,61.875,10,22,31.25,68.75
2026,TUN,7.0,7°,Ciencias sociales,Ciencias sociales,22,61.81818181818182,7,15,31.818181818181817,68.18181818181817
2026,TUN,8.0,8°,Ciencias sociales,Ciencias sociales,25,59.4,11,14,44.0,56.00000000000001
2026,TUN,9.0,9°,Ciencias sociales,Ciencias sociales,14,74.28571428571429,2,12,14.285714285714285,85.71428571428571
2026,TUN,10.0,10°,Ciencias sociales,Ciencias sociales,13,76.15384615384616,0,13,0.0,100.0
2026,ZIPA,5.0,5°,Ciencias sociales,Ciencias sociales,68,41.76470588235294,52,16,76.47058823529412,23.52941176470588
2026,ZIPA,6.0,6°,Ciencias sociales,Ciencias sociales,72,54.583333333333336,35,37,48.61111111111111,51.388888888888886
2026,ZIPA,7.0,7°,Ciencias sociales,Ciencias sociales,65,77.07692307692308,7,58,10.76923076923077,89.23076923076924
2026,ZIPA,8.0,8°,Ciencias sociales,Ciencias sociales,71,77.53521126760563,13,58,18.30985915492958,81.69014084507043
2026,ZIPA,9.0,9°,Ciencias sociales,Ciencias sociales,48,85.3125,4,44,8.333333333333332,91.66666666666666
2026,ZIPA,10.0,10°,Ciencias sociales,Ciencias sociales,36,70.13888888888889,6,30,16.666666666666664,83.33333333333334
2026,COT,9.0,9°,Inglés,Inglés,32,38.49431818181818,28,4,87.5,12.5
2026,COT,10.0,10°,Inglés,Inglés,21,62.770562770562776,6,15,28.57142857142857,71.42857142857143
2026,MOS,9.0,9°,Inglés,Inglés,9,37.878787878787875,8,1,88.88888888888889,11.11111111111111
2026,MOS,10.0,10°,Inglés,Inglés,3,51.51515151515152,2,1,66.66666666666666,33.33333333333333
2026,TUN,9.0,9°,Inglés,Inglés,14,39.61038961038961,11,3,78.57142857142857,21.428571428571427
2026,TUN,10.0,10°,Inglés,Inglés,13,55.59440559440559,7,6,53.84615384615385,46.15384615384615
2026,ZIPA,9.0,9°,Inglés,Inglés,47,42.06963249516441,35,12,74.46808510638297,25.53191489361702
2026,ZIPA,10.0,10°,Inglés,Inglés,36,60.73232323232324,11,25,30.555555555555557,69.44444444444444
2026,COT,3.0,3°,Lenguaje,Lenguaje,25,50.0,16,9,64.0,36.0
2026,COT,4.0,4°,Lenguaje,Lenguaje,28,50.714285714285715,15,13,53.57142857142857,46.42857142857143
2026,COT,5.0,5°,Lenguaje,Lenguaje,37,55.13513513513514,15,22,40.54054054054054,59.45945945945946
2026,COT,6.0,6°,Lenguaje,Lenguaje,32,64.375,6,26,18.75,81.25
2026,COT,7.0,7°,Lenguaje,Lenguaje,35,63.857142857142854,7,28,20.0,80.0
2026,COT,8.0,8°,Lenguaje,Lenguaje,31,60.645161290322584,11,20,35.483870967741936,64.51612903225806
2026,COT,9.0,9°,Lenguaje,Lenguaje,36,67.63888888888889,7,29,19.444444444444446,80.55555555555556
2026,COT,10.0,10°,Lenguaje,Lenguaje,22,52.72727272727273,12,10,54.54545454545454,45.45454545454545
2026,MOS,3.0,3°,Lenguaje,Lenguaje,21,34.523809523809526,18,3,85.71428571428571,14.285714285714285
2026,MOS,4.0,4°,Lenguaje,Lenguaje,17,51.1764705882353,9,8,52.94117647058824,47.05882352941176
2026,MOS,5.0,5°,Lenguaje,Lenguaje,16,40.3125,12,4,75.0,25.0
2026,MOS,6.0,6°,Lenguaje,Lenguaje,29,55.0,16,13,55.172413793103445,44.827586206896555
2026,MOS,7.0,7°,Lenguaje,Lenguaje,21,57.857142857142854,6,15,28.57142857142857,71.42857142857143
2026,MOS,8.0,8°,Lenguaje,Lenguaje,20,61.75,5,15,25.0,75.0
2026,MOS,9.0,9°,Lenguaje,Lenguaje,9,59.44444444444444,5,4,55.55555555555556,44.44444444444444
2026,MOS,10.0,10°,Lenguaje,Lenguaje,4,32.5,3,1,75.0,25.0
2026,TUN,3.0,3°,Lenguaje,Lenguaje,11,41.36363636363637,8,3,72.72727272727273,27.27272727272727
2026,TUN,4.0,4°,Lenguaje,Lenguaje,12,47.5,7,5,58.333333333333336,41.66666666666667
2026,TUN,5.0,5°,Lenguaje,Lenguaje,31,51.29032258064516,18,13,58.06451612903226,41.935483870967744
2026,TUN,6.0,6°,Lenguaje,Lenguaje,33,59.54545454545455,13,20,39.39393939393939,60.60606060606061
2026,TUN,7.0,7°,Lenguaje,Lenguaje,23,58.47826086956522,11,12,47.82608695652174,52.17391304347826
2026,TUN,8.0,8°,Lenguaje,Lenguaje,24,63.958333333333336,7,17,29.166666666666668,70.83333333333334
2026,TUN,9.0,9°,Lenguaje,Lenguaje,14,68.21428571428571,1,13,7.142857142857142,92.85714285714286
2026,TUN,10.0,10°,Lenguaje,Lenguaje,14,47.857142857142854,10,4,71.42857142857143,28.57142857142857
2026,ZIPA,3.0,3°,Lenguaje,Lenguaje,54,45.18518518518518,40,14,74.07407407407408,25.925925925925924
2026,ZIPA,4.0,4°,Lenguaje,Lenguaje,53,53.0188679245283,25,28,47.16981132075472,52.83018867924528
2026,ZIPA,5.0,5°,Lenguaje,Lenguaje,68,51.61764705882353,32,36,47.05882352941176,52.94117647058824
2026,ZIPA,6.0,6°,Lenguaje,Lenguaje,74,55.67567567567568,32,42,43.24324324324324,56.75675675675676
2026,ZIPA,7.0,7°,Lenguaje,Lenguaje,65,66.61538461538461,11,54,16.923076923076923,83.07692307692308
2026,ZIPA,8.0,8°,Lenguaje,Lenguaje,73,64.65753424657534,16,57,21.91780821917808,78.08219178082192
2026,ZIPA,9.0,9°,Lenguaje,Lenguaje,50,66.4,5,45,10.0,90.0
2026,ZIPA,10.0,10°,Lenguaje,Lenguaje,34,54.705882352941174,14,20,41.17647058823529,58.82352941176471
2026,COT,3.0,3°,Matemáticas,Matemáticas,25,53.8,15,10,60.0,40.0
2026,COT,4.0,4°,Matemáticas,Matemáticas,28,52.857142857142854,15,13,53.57142857142857,46.42857142857143
2026,COT,5.0,5°,Matemáticas,Matemáticas,37,53.24324324324324,17,20,45.94594594594595,54.054054054054056
2026,COT,6.0,6°,Matemáticas,Matemáticas,32,61.09375,11,21,34.375,65.625
2026,COT,7.0,7°,Matemáticas,Matemáticas,35,60.285714285714285,8,27,22.857142857142858,77.14285714285715
2026,COT,8.0,8°,Matemáticas,Matemáticas,31,57.25806451612903,14,17,45.16129032258064,54.83870967741935
2026,COT,9.0,9°,Matemáticas,Matemáticas,36,70.27777777777777,6,30,16.666666666666664,83.33333333333334
2026,COT,10.0,10°,Matemáticas,Matemáticas,22,41.59090909090909,16,6,72.72727272727273,27.27272727272727
2026,MOS,3.0,3°,Matemáticas,Matemáticas,22,52.5,10,12,45.45454545454545,54.54545454545454
2026,MOS,4.0,4°,Matemáticas,Matemáticas,17,47.05882352941177,11,6,64.70588235294117,35.294117647058826
2026,MOS,5.0,5°,Matemáticas,Matemáticas,17,43.8235294117647,10,7,58.82352941176471,41.17647058823529
2026,MOS,6.0,6°,Matemáticas,Matemáticas,31,61.935483870967744,11,20,35.483870967741936,64.51612903225806
2026,MOS,7.0,7°,Matemáticas,Matemáticas,27,56.111111111111114,11,16,40.74074074074074,59.25925925925925
2026,MOS,8.0,8°,Matemáticas,Matemáticas,20,58.0,6,14,30.0,70.0
2026,MOS,9.0,9°,Matemáticas,Matemáticas,10,59.5,4,6,40.0,60.0
2026,MOS,10.0,10°,Matemáticas,Matemáticas,4,45.0,3,1,75.0,25.0
2026,TUN,3.0,3°,Matemáticas,Matemáticas,11,48.18181818181818,5,6,45.45454545454545,54.54545454545454
2026,TUN,4.0,4°,Matemáticas,Matemáticas,13,46.92307692307692,8,5,61.53846153846154,38.46153846153847
2026,TUN,5.0,5°,Matemáticas,Matemáticas,31,55.16129032258065,11,20,35.483870967741936,64.51612903225806
2026,TUN,6.0,6°,Matemáticas,Matemáticas,33,60.75757575757576,11,22,33.33333333333333,66.66666666666666
2026,TUN,7.0,7°,Matemáticas,Matemáticas,23,62.82608695652174,7,16,30.434782608695656,69.56521739130434
2026,TUN,8.0,8°,Matemáticas,Matemáticas,24,64.58333333333333,5,19,20.833333333333336,79.16666666666666
2026,TUN,9.0,9°,Matemáticas,Matemáticas,14,71.78571428571429,0,14,0.0,100.0
2026,TUN,10.0,10°,Matemáticas,Matemáticas,14,48.214285714285715,10,4,71.42857142857143,28.57142857142857
2026,ZIPA,3.0,3°,Matemáticas,Matemáticas,54,51.111111111111114,31,23,57.407407407407405,42.592592592592595
2026,ZIPA,4.0,4°,Matemáticas,Matemáticas,52,48.46153846153846,29,23,55.769230769230774,44.230769230769226
2026,ZIPA,5.0,5°,Matemáticas,Matemáticas,68,53.30882352941177,30,38,44.11764705882353,55.88235294117647
2026,ZIPA,6.0,6°,Matemáticas,Matemáticas,72,53.541666666666664,36,36,50.0,50.0
2026,ZIPA,7.0,7°,Matemáticas,Matemáticas,65,63.23076923076923,20,45,30.76923076923077,69.23076923076923
2026,ZIPA,8.0,8°,Matemáticas,Matemáticas,71,65.84507042253522,17,54,23.943661971830984,76.05633802816901
2026,ZIPA,9.0,9°,Matemáticas,Matemáticas,50,71.1,3,47,6.0,94.0
2026,ZIPA,10.0,10°,Matemáticas,Matemáticas,36,48.19444444444444,20,16,55.55555555555556,44.44444444444444