Prueba,Nivel,Ranking,colegio_de_origen,Estudiantes
Matemáticas,Progreso limitado,1,COLEGIO MARIA AUXILIADORA NORTE,4
Matemáticas,Progreso limitado,2,COLEGIO MARIA INMACULADA,4
Matemáticas,Progreso limitado,3,COLEGIO MONTERROSALES CICLOS,3
Matemáticas,Progreso limitado,4,GIMNASIO CAMPESTRE SANTA SOFIA,3
Matemáticas,Progreso limitado,5,CENTRO EDUCATIVO BOSTON INTERNACIONAL,2
Matemáticas,Progreso limitado,6,COLEGIO DEL SAGRADO CORAZÓN,2
Matemáticas,Progreso limitado,7,COLEGIO LA MEDALLA MILAGROSA,2
Matemáticas,Progreso limitado,8,COLEGIO MAYOR DE INGLATERRA,2
Matemáticas,Progreso limitado,9,GIMNASIO CAMPESTRE ICAV,2
Matemáticas,Progreso limitado,10,GIMNASIO CASCANUECES,2
Matemáticas,Emergente,1,COLEGIO MARIA AUXILIADORA NORTE,11
Matemáticas,Emergente,2,COLEGIO BIFFI LA SALLE,10
Matemáticas,Emergente,3,CENTRO EDUCATIVO BOSTON INTERNACIONAL,8
Matemáticas,Emergente,4,COLEGIO BILINGUE CAMPESTRE COLOMBO BRITANICO,8
Matemáticas,Emergente,5,COLEGIO DE LA PRESENTACIÓN DE ZIPAQUIRA,7
Matemáticas,Emergente,6,COLEGIO MONTERROSALES CICLOS,7
Matemáticas,Emergente,7,LICEO CAMPESTRE THOMAS DE IRIARTE,6
Matemáticas,Emergente,8,COLEGIO SAN VIATOR TUNJA,5
Matemáticas,Emergente,9,GIMNASIO CAMPESTRE OXFORD,5
Matemáticas,Emergente,10,GIMNASIO CAMPESTRE SANTA SOFIA,5
Matemáticas,En aceleración,1,GIMNASIO CAMPESTRE DEL NORTE,13
Matemáticas,En aceleración,2,COLEGIO AMERICANO DE BARRANQUILLA,11
Matemáticas,En aceleración,3,COLEGIO DEL SAGRADO CORAZÓN,11
Matemáticas,En aceleración,4,GIMNASIO INTEGRAL GENIOS DEL ZIPA,11
Matemáticas,En aceleración,5,LICEO CAMPESTRE THOMAS DE IRIARTE,11
Matemáticas,En aceleración,6,COLEGIO MARIA AUXILIADORA NORTE,10
Matemáticas,En aceleración,7,GIMNASIO CAMPESTRE SANTA SOFIA,10
Matemáticas,En aceleración,8,GIMNASIO VILLA FONTANA,9
Matemáticas,En aceleración,9,COLEGIO BILINGUE CAMPESTRE COLOMBO BRITANICO,8
Matemáticas,En aceleración,10,GIMNASIO LOS ARRAYANES BILINGUE,8
Matemáticas,Avanzado,1,COLEGIO CAMPESTRE ARTES Y LETRAS,4
Matemáticas,Avanzado,2,GIMNASIO INTEGRAL GENIOS DEL ZIPA,4
Matemáticas,Avanzado,3,GIMNASIO SAN ANGELO,4
Matemáticas,Avanzado,4,COLEGIO BILINGUE CAMPESTRE COLOMBO BRITANICO,3
Matemáticas,Avanzado,5,COLEGIO MARIA AUXILIADORA NORTE,3
Matemáticas,Avanzado,6,GIMNASIO CAMPESTRE SANTA SOFIA,3
Matemáticas,Avanzado,7,GIMNASIO CAMPESTRE SANTA SOFÍA,3
Matemáticas,Avanzado,8,LICEO CAMPESTRE THOMAS DE IRIARTE,3
Matemáticas,Avanzado,9,LICEO LA SABANA,3
Matemáticas,Avanzado,10,LICEO SANTA INES,3
Ciencias naturales,Progreso limitado,1,COLEGIO SAN VIATOR TUNJA,3
Ciencias naturales,Progreso limitado,2,CORPORACION EDUCATIVA COLEGIO ITALIANO GALILEO GALILEI,2
Ciencias naturales,Progreso limitado,3,GIMNASIO CAMPESTRE ICAV,2
Ciencias naturales,Progreso limitado,4,GIMNASIO CAMPESTRE SANTA SOFIA,2
Ciencias naturales,Progreso limitado,5,INNOVA SCHOOLS,2
Ciencias naturales,Progreso limitado,6,LICEO CAMPESTRE THOMAS DE IRIARTE,2
Ciencias naturales,Progreso limitado,7,LICEO SANTA INES,2
Ciencias naturales,Progreso limitado,8,ARNULFO BRICEÑO CONTRERAS,1
Ciencias naturales,Progreso limitado,9,CAMPBELL SCHOOL,1
Ciencias naturales,Progreso limitado,10,CENTRO EDUCATIVO MI BELLA INFANCIA,1
Ciencias naturales,Emergente,1,COLEGIO DEL SAGRADO CORAZÓN,6
Ciencias naturales,Emergente,2,COLEGIO BILINGUE CAMPESTRE COLOMBO BRITANICO,5
Ciencias naturales,Emergente,3,LICEO CAMPESTRE THOMAS DE IRIARTE,5
Ciencias naturales,Emergente,4,COLEGIO MARIA AUXILIADORA NORTE,4
Ciencias naturales,Emergente,5,COLEGIO MONTERROSALES CICLOS,4
Ciencias naturales,Emergente,6,GIMNASIO CAMPESTRE DEL NORTE,4
Ciencias naturales,Emergente,7,GIMNASIO CAMPESTRE ICAV,4
Ciencias naturales,Emergente,8,CAMPBELL SCHOOL,3
Ciencias naturales,Emergente,9,COLEGIO AMERICANO DE BARRANQUILLA,3
Ciencias naturales,Emergente,10,COLEGIO CAMPESTRE ARTES Y LETRAS,3
Ciencias naturales,En aceleración,1,GIMNASIO CAMPESTRE SANTA SOFIA,11
Ciencias naturales,En aceleración,2,GIMNASIO CAMPESTRE DEL NORTE,10
Ciencias naturales,En aceleración,3,COLEGIO MARIA AUXILIADORA NORTE,8
Ciencias naturales,En aceleración,4,COLEGIO BILINGUE CAMPESTRE COLOMBO BRITANICO,7
Ciencias naturales,En aceleración,5,GIMNASIO LOS ARRAYANES BILINGUE,7
Ciencias naturales,En aceleración,6,GIMNASIO VILLA FONTANA,6
Ciencias naturales,En aceleración,7,LICEO CAMPESTRE THOMAS DE IRIARTE,6
Ciencias naturales,En aceleración,8,COLEGIO ANDINO DE TUNJA,5
Ciencias naturales,En aceleración,9,COLEGIO CAMPESTRE ARTES Y LETRAS,5
Ciencias naturales,En aceleración,10,COLEGIO DE LA PRESENTACIÓN DE ZIPAQUIRA,5
Ciencias naturales,Avanzado,1,GIMNASIO INTEGRAL GENIOS DEL ZIPA,6
Ciencias naturales,Avanzado,2,GIMNASIO SABANA NORTE,5
Ciencias naturales,Avanzado,3,COLEGIO MARIA INMACULADA,4
Ciencias naturales,Avanzado,4,GIMNASIO CAMPESTRE DEL NORTE,4
Ciencias naturales,Avanzado,5,GIMNASIO VILLA FONTANA,4
Ciencias naturales,Avanzado,6,INSTITUCION EDUCATIVA SAN ALBERTO MAGNO,4
Ciencias naturales,Avanzado,7,LICEO CATEDRAL HIGH SCHOOL,4
Ciencias naturales,Avanzado,8,AMERICAN SCHOOL SAINT FRANCES,3
Ciencias naturales,Avanzado,9,COLEGIO ANDINO DE TUNJA,3
Ciencias naturales,Avanzado,10,COLEGIO COLON,3
Ciencias sociales,Progreso limitado,1,COLEGIO AMERICANO DE BARRANQUILLA,3
Ciencias sociales,Progreso limitado,2,COLEGIO SAN VIATOR TUNJA,3
Ciencias sociales,Progreso limitado,3,LICEO CAMPESTRE THOMAS DE IRIARTE,3
Ciencias sociales,Progreso limitado,4,COLEGIO LICEO CATEDRAL HIGH SCHOOL,2
Ciencias sociales,Progreso limitado,5,COLEGIO MONTERROSALES CICLOS,2
Ciencias sociales,Progreso limitado,6,GIMNASIO CAMPESTRE ICAV,2
Ciencias sociales,Progreso limitado,7,GIMNASIO CAMPESTRE SANTA SOFIA,2
Ciencias sociales,Progreso limitado,8,GIMNASIO GALILEO GALILEI,2
Ciencias sociales,Progreso limitado,9,GIMNASIO INTEGRAL GENIOS DEL ZIPA,2
Ciencias sociales,Progreso limitado,10,INNOVA SCHOOLS,2
Ciencias sociales,Emergente,1,COLEGIO MARIA AUXILIADORA NORTE,7
Ciencias sociales,Emergente,2,COLEGIO DEL SAGRADO CORAZÓN,6
Ciencias sociales,Emergente,3,COLEGIO AMERICANO DE BARRANQUILLA,4
Ciencias sociales,Emergente,4,GIMNASIO CAMPESTRE DEL NORTE,4
Ciencias sociales,Emergente,5,CENTRO DOCENTE NUESTRA SEÑORA DEL BUEN CONSEJO,3
Ciencias sociales,Emergente,6,COLEGIO ANDINO DE TUNJA,3
Ciencias sociales,Emergente,7,COLEGIO BILINGUE CAMPESTRE COLOMBO BRITANICO,3
Ciencias sociales,Emergente,8,COLEGIO CAMPESTRE ARTES Y LETRAS,3
Ciencias sociales,Emergente,9,COLEGIO NUESTRA SEÑORA DE NAZARETH,3
Ciencias sociales,Emergente,10,COLEGIO SAN VIATOR TUNJA,3
Ciencias sociales,En aceleración,1,GIMNASIO CAMPESTRE DEL NORTE,9
Ciencias sociales,En aceleración,2,LICEO CAMPESTRE THOMAS DE IRIARTE,7
Ciencias sociales,En aceleración,3,COLEGIO BILINGÜE MAXIMINO POITIERS,5
Ciencias sociales,En aceleración,4,COLEGIO MARIA AUXILIADORA NORTE,5
Ciencias sociales,En aceleración,5,COLEGIO REFOUS,5
Ciencias sociales,En aceleración,6,GIMNASIO CAMPESTRE ICAV,5
Ciencias sociales,En aceleración,7,GIMNASIO CAMPESTRE OXFORD,5
Ciencias sociales,En aceleración,8,COLEGIO ANDINO DE TUNJA,4
Ciencias sociales,En aceleración,9,COLEGIO BILINGUE CAMPESTRE COLOMBO BRITANICO,4
Ciencias sociales,En aceleración,10,COLEGIO DE LA PRESENTACIÓN DE ZIPAQUIRA,4
Ciencias sociales,Avanzado,1,GIMNASIO CAMPESTRE SANTA SOFIA,11
Ciencias sociales,Avanzado,2,GIMNASIO INTEGRAL GENIOS DEL ZIPA,7
Ciencias sociales,Avanzado,3,COLEGIO BILINGUE CAMPESTRE COLOMBO BRITANICO,6
Ciencias sociales,Avanzado,4,GIMNASIO CAMPESTRE SANTA SOFÍA,6
Ciencias sociales,Avanzado,5,GIMNASIO SABANA NORTE,6
Ciencias sociales,Avanzado,6,LICEO CATEDRAL HIGH SCHOOL,6
Ciencias sociales,Avanzado,7,COLEGIO MARIA AUXILIADORA NORTE,5
Ciencias sociales,Avanzado,8,GIMNASIO CAMPESTRE DEL NORTE,5
Ciencias sociales,Avanzado,9,COLEGIO DE LA PRESENTACIÓN DE ZIPAQUIRA,4
Ciencias sociales,Avanzado,10,GIMNASIO LOS ARRAYANES BILINGUE,4
Lenguaje,Progreso limitado,1,COLEGIO MONTERROSALES CICLOS,4
Lenguaje,Progreso limitado,2,COLEGIO BIFFI LA SALLE,3
Lenguaje,Progreso limitado,3,COLEGIO DEL SAGRADO CORAZÓN,3
Lenguaje,Progreso limitado,4,COLEGIO MARIA AUXILIADORA NORTE,3
Lenguaje,Progreso limitado,5,COLEGIO MARIA INMACULADA,3
Lenguaje,Progreso limitado,6,GENIOS DEL ZIPA,3
Lenguaje,Progreso limitado,7,AMERICAN SCHOOL SAINT FRANCES,2
Lenguaje,Progreso limitado,8,CENTRO EDUCATIVO SAGRADO CORAZÓN DE JESUS,2
Lenguaje,Progreso limitado,9,COLEGIO ANDINO DE TUNJA,2
Lenguaje,Progreso limitado,10,COLEGIO DE LA PRESENTACIÓN DE ZIPAQUIRA,2
Lenguaje,Emergente,1,COLEGIO MARIA AUXILIADORA NORTE,8
Lenguaje,Emergente,2,COLEGIO BIFFI LA SALLE,7
Lenguaje,Emergente,3,COLEGIO BILINGUE CAMPESTRE COLOMBO BRITANICO,7
Lenguaje,Emergente,4,GIMNASIO VILLA FONTANA,7
Lenguaje,Emergente,5,INNOVA SCHOOLS,7
Lenguaje,Emergente,6,CENTRO EDUCATIVO BOSTON INTERNACIONAL,6
Lenguaje,Emergente,7,COLEGIO AMERICANO DE BARRANQUILLA,6
Lenguaje,Emergente,8,COLEGIO SAN VIATOR TUNJA,6
Lenguaje,Emergente,9,LICEO CAMPESTRE THOMAS DE IRIARTE,6
Lenguaje,Emergente,10,GIMNASIO LOS ARRAYANES BILINGUE,5
Lenguaje,En aceleración,1,COLEGIO MARIA AUXILIADORA NORTE,17
Lenguaje,En aceleración,2,COLEGIO DEL SAGRADO CORAZÓN,13
Lenguaje,En aceleración,3,GIMNASIO CAMPESTRE DEL NORTE,13
Lenguaje,En aceleración,4,COLEGIO BILINGUE CAMPESTRE COLOMBO BRITANICO,12
Lenguaje,En aceleración,5,GIMNASIO CAMPESTRE SANTA SOFIA,12
Lenguaje,En aceleración,6,LICEO CAMPESTRE THOMAS DE IRIARTE,9
Lenguaje,En aceleración,7,COLEGIO ANDINO DE TUNJA,7
Lenguaje,En aceleración,8,COLEGIO CAMPESTRE ARTES Y LETRAS,7
Lenguaje,En aceleración,9,GIMNASIO INTEGRAL GENIOS DEL ZIPA,7
Lenguaje,En aceleración,10,SUMMEHILL SCHOOL,7
Lenguaje,Avanzado,1,GIMNASIO INTEGRAL GENIOS DEL ZIPA,5
Lenguaje,Avanzado,2,LICEO LA SABANA,5
Lenguaje,Avanzado,3,COLEGIO MARIA INMACULADA,4
Lenguaje,Avanzado,4,LICEO CAMPESTRE THOMAS DE IRIARTE,4
Lenguaje,Avanzado,5,COLEGIO AMERICANO DE BARRANQUILLA,3
Lenguaje,Avanzado,6,COLEGIO LICEO DE CERVANTES,3
Lenguaje,Avanzado,7,GIMNASIO CAMPESTRE DEL NORTE,3
Lenguaje,Avanzado,8,GIMNASIO CAMPESTRE SANTA SOFIA,3
Lenguaje,Avanzado,9,GIMNASIO GALILEO GALILEI,3
Lenguaje,Avanzado,10,GIMNASIO LOS ARRAYANES BILINGUE,3
Inglés,Progreso limitado,1,GIMNASIO CAMPESTRE DEL NORTE,3
Inglés,Progreso limitado,2,LICEO CATEDRAL HIGH SCHOOL,3
Inglés,Progreso limitado,3,COLEGIO ANDINO DE TUNJA,2
Inglés,Progreso limitado,4,ACHARA MONTESSORI SCHOOL CHIA,1
Inglés,Progreso limitado,5,CENTRO PEDAGÓGICO MANDALA,1
Inglés,Progreso limitado,6,COLEGIO BILING OXFORD,1
Inglés,Progreso limitado,7,COLEGIO BILINGUE JOSE MAX LEON,1
Inglés,Progreso limitado,8,COLEGIO DE LA PRESENTACIÓN,1
Inglés,Progreso limitado,9,COLEGIO MAYOR JOSE CELESTINO MUTIS,1
Inglés,Progreso limitado,10,COLEGIO MAYOR JOSÉ CELESTINO MUTIS,1
Inglés,Emergente,1,GIMNASIO CAMPESTRE SANTA SOFIA,5
Inglés,Emergente,2,GIMNASIO CAMPESTRE DEL NORTE,3
Inglés,Emergente,3,AMERICAN SCHOOL SAINT FRANCES,2
Inglés,Emergente,4,COLEGIO EL MINUTO DE DIOS,2
Inglés,Emergente,5,COLEGIO MONTEMAYOR SCHOOL,2
Inglés,Emergente,6,COLEGIO SAN VIATOR TUNJA,2
Inglés,Emergente,7,GIMNASIO CAMPESTRE OXFORD,2
Inglés,Emergente,8,GIMNASIO SABANA NORTE,2
Inglés,Emergente,9,INSTITUTO PEDAGÓGICO ESCALEMOS,2
Inglés,Emergente,10,LICEO CAMPESTRE THOMAS DE IRIARTE,2
Inglés,En aceleración,1,LICEO CAMPESTRE THOMAS DE IRIARTE,4
Inglés,En aceleración,2,GIMNASIO CAMPESTRE SANTA SOFIA,3
Inglés,En aceleración,3,COLEGIO BILINGUE CAMPESTRE COLOMBO BRITANICO,2
Inglés,En aceleración,4,COLEGIO DE LA PRESENTACIÓN DE ZIPAQUIRA,2
Inglés,En aceleración,5,GIMNASIO CAMPESTRE DEL NORTE,2
Inglés,En aceleración,6,GIMNASIO LOS ARRAYANES,2
Inglés,En aceleración,7,INSTITUCIÓN DE EDUCACIÓN FORMAL COMFABOY,2
Inglés,En aceleración,8,LICEO DE LOS ANDES,2
Inglés,En aceleración,9,ABRAHAM LINCOLN SCHOOL,1
Inglés,En aceleración,10,AMERICAN SCHOOL,1
Inglés,Avanzado,1,COLEGIO ABRAHAM MASLOW,1
Inglés,Avanzado,2,COLEGIO ANDINO DE TUNJA,1
Inglés,Avanzado,3,COLEGIO BILINGÜE COLOMBO BRITÁNICO ZIPAQUIRÁ,1
Inglés,Avanzado,4,COLEGIO FRANCISCO JOSE DE CALDAS,1
Inglés,Avanzado,5,COLEGIO PADRE MANYANET CHIA,1
Inglés,Avanzado,6,COLEGIO PADRE MANYANET DE CHÍA,1
Inglés,Avanzado,7,COLEGIO SALESIANO DE LEON XIII,1
Inglés,Avanzado,8,COLEGIO SAN VIATOR,1
Inglés,Avanzado,9,COLEGIO SAN VIATOR TUNJA,1
Inglés,Avanzado,10,COLEGIO SUPERIOR AMERICANO,1