Año,Sede,Grado_num,Grado,Area,QuizName,Estudiantes,Intentos,Promedio,Debajo_igual_50,Encima_50,Pct_50_o_menos,Pct_mas_50
2025,USAQ,3,TERCERO,Lenguaje,LENGUAJE 3°,1,1,70.0,0,1,0.0,100.0
2025,USAQ,3,TERCERO,Matemáticas,MATEMÁTICAS 3°,1,1,75.0,0,1,0.0,100.0
2025,USAQ,6,SEXTO,Ciencias,CIENCIAS 6°,2,2,65.0,0,2,0.0,100.0
2025,USAQ,6,SEXTO,Lenguaje,LENGUAJE 6°,3,3,73.33333333333333,0,3,0.0,100.0
2025,USAQ,6,SEXTO,Matemáticas,MATEMÁTICAS 6°,2,2,52.5,1,1,50.0,50.0
2025,USAQ,6,SEXTO,Sociales y Ciudadanas,COMPETENCIAS CIUDADANAS - PENSAMIENTO CIUDADANO 6°,2,2,57.5,1,1,50.0,50.0
2026,BAQ,3,TERCERO,Lenguaje,LENGUAJE 3°,58,58,42.8448275862069,38,20,65.51724137931035,34.48275862068966
2026,BAQ,3,TERCERO,Matemáticas,MATEMÁTICAS 3°,57,57,47.10526315789474,31,26,54.385964912280706,45.614035087719294
2026,BAQ,4,CUARTO,Lenguaje,LENGUAJE 4°,67,67,47.83582089552239,40,27,59.70149253731343,40.298507462686565
2026,BAQ,4,CUARTO,Matemáticas,MATEMÁTICAS 4°,68,68,45.51470588235294,41,27,60.29411764705882,39.705882352941174
2026,BAQ,5,QUINTO,Lenguaje,LENGUAJE 5°,3,3,50.0,2,1,66.66666666666666,33.33333333333333
2026,BAQ,5,QUINTO,Matemáticas,MATEMÁTICAS 5°,8,8,48.125,5,3,62.5,37.5
2026,BAQ,6,SEXTO,Ciencias,CIENCIAS 6°,14,14,47.857142857142854,9,5,64.28571428571429,35.714285714285715
2026,BAQ,6,SEXTO,Lenguaje,LENGUAJE 6°,30,30,58.166666666666664,10,20,33.33333333333333,66.66666666666666
2026,BAQ,6,SEXTO,Matemáticas,MATEMÁTICAS 6°,40,40,59.375,14,26,35.0,65.0
2026,BAQ,6,SEXTO,Sociales y Ciudadanas,COMPETENCIAS CIUDADANAS - PENSAMIENTO CIUDADANO 6°,10,10,55.5,4,6,40.0,60.0
2026,BAQ,7,SEPTIMO,Ciencias,CIENCIAS 7°,50,50,63.4,13,37,26.0,74.0
2026,BAQ,7,SEPTIMO,Lenguaje,LENGUAJE 7°,48,48,61.5625,15,33,31.25,68.75
2026,BAQ,7,SEPTIMO,Matemáticas,MATEMÁTICAS 7°,51,51,63.431372549019606,11,40,21.568627450980394,78.43137254901961
2026,BAQ,7,SEPTIMO,Sociales y Ciudadanas,COMPETENCIAS CIUDADANAS - PENSAMIENTO CIUDADANO 7°,50,50,64.3,16,34,32.0,68.0
2026,BAQ,8,OCTAVO,Ciencias,CIENCIAS 8°,56,56,59.732142857142854,19,37,33.92857142857143,66.07142857142857
2026,BAQ,8,OCTAVO,Lenguaje,LENGUAJE 8°,59,59,59.152542372881356,20,39,33.89830508474576,66.10169491525424
2026,BAQ,8,OCTAVO,Matemáticas,MATEMÁTICAS 8°,60,60,60.0,17,43,28.333333333333332,71.66666666666667
2026,BAQ,8,OCTAVO,Sociales y Ciudadanas,COMPETENCIAS CIUDADANAS - PENSAMIENTO CIUDADANO 8°,56,56,52.67857142857143,33,23,58.92857142857143,41.07142857142857
2026,COT,3,TERCERO,Lenguaje,LENGUAJE 3°,26,26,49.42307692307692,17,9,65.38461538461539,34.61538461538461
2026,COT,3,TERCERO,Matemáticas,MATEMÁTICAS 3°,26,26,53.46153846153846,16,10,61.53846153846154,38.46153846153847
2026,COT,4,CUARTO,Lenguaje,LENGUAJE 4°,28,28,50.714285714285715,15,13,53.57142857142857,46.42857142857143
2026,COT,4,CUARTO,Matemáticas,MATEMÁTICAS 4°,28,28,52.857142857142854,15,13,53.57142857142857,46.42857142857143
2026,COT,5,QUINTO,Ciencias,CIENCIAS 5°,37,37,59.86486486486486,10,27,27.027027027027028,72.97297297297297
2026,COT,5,QUINTO,Lenguaje,LENGUAJE 5°,38,38,55.26315789473684,15,23,39.473684210526315,60.526315789473685
2026,COT,5,QUINTO,Matemáticas,MATEMÁTICAS 5°,38,38,53.026315789473685,18,20,47.368421052631575,52.63157894736842
2026,COT,5,QUINTO,Sociales y Ciudadanas,COMPETENCIAS CIUDADANAS - PENSAMIENTO CIUDADANO 5°,39,39,48.58974358974359,22,17,56.41025641025641,43.58974358974359
2026,COT,6,SEXTO,Ciencias,CIENCIAS 6°,32,32,65.3125,8,24,25.0,75.0
2026,COT,6,SEXTO,Lenguaje,LENGUAJE 6°,32,32,64.375,6,26,18.75,81.25
2026,COT,6,SEXTO,Matemáticas,MATEMÁTICAS 6°,32,32,61.09375,11,21,34.375,65.625
2026,COT,6,SEXTO,Sociales y Ciudadanas,COMPETENCIAS CIUDADANAS - PENSAMIENTO CIUDADANO 6°,31,31,72.41935483870968,4,27,12.903225806451612,87.09677419354838
2026,COT,7,SEPTIMO,Ciencias,CIENCIAS 7°,35,35,60.0,8,27,22.857142857142858,77.14285714285715
2026,COT,7,SEPTIMO,Lenguaje,LENGUAJE 7°,35,35,63.857142857142854,7,28,20.0,80.0
2026,COT,7,SEPTIMO,Matemáticas,MATEMÁTICAS 7°,35,35,60.285714285714285,8,27,22.857142857142858,77.14285714285715
2026,COT,7,SEPTIMO,Sociales y Ciudadanas,COMPETENCIAS CIUDADANAS - PENSAMIENTO CIUDADANO 7°,35,35,73.28571428571429,6,29,17.142857142857142,82.85714285714286
2026,COT,8,OCTAVO,Ciencias,CIENCIAS 8°,31,31,60.32258064516129,11,20,35.483870967741936,64.51612903225806
2026,COT,8,OCTAVO,Lenguaje,LENGUAJE 8°,31,31,60.645161290322584,11,20,35.483870967741936,64.51612903225806
2026,COT,8,OCTAVO,Matemáticas,MATEMÁTICAS 8°,31,31,57.25806451612903,14,17,45.16129032258064,54.83870967741935
2026,COT,8,OCTAVO,Sociales y Ciudadanas,COMPETENCIAS CIUDADANAS - PENSAMIENTO CIUDADANO 8°,31,31,67.90322580645162,7,24,22.58064516129032,77.41935483870968
2026,COT,9,NOVENO,Ciencias,CIENCIAS 9°,37,37,55.67567567567568,16,21,43.24324324324324,56.75675675675676
2026,COT,9,NOVENO,Inglés,INGLÉS 9°,33,33,34.43526170798898,30,3,90.9090909090909,9.090909090909092
2026,COT,9,NOVENO,Lenguaje,LENGUAJE 9°,37,37,67.97297297297297,7,30,18.91891891891892,81.08108108108108
2026,COT,9,NOVENO,Matemáticas,MATEMÁTICAS 9°,37,37,70.27027027027027,6,31,16.216216216216218,83.78378378378379
2026,COT,9,NOVENO,Sociales y Ciudadanas,COMPETENCIAS CIUDADANAS - PENSAMIENTO CIUDADANO 9°,36,36,66.38888888888889,9,27,25.0,75.0
2026,COT,10,DECIMO,Ciencias,CIENCIAS 10°,22,22,65.0,4,18,18.181818181818183,81.81818181818183
2026,COT,10,DECIMO,Inglés,INGLÉS 10°,21,21,62.770562770562776,6,15,28.57142857142857,71.42857142857143
2026,COT,10,DECIMO,Lenguaje,LENGUAJE 10°,22,22,52.72727272727273,12,10,54.54545454545454,45.45454545454545
2026,COT,10,DECIMO,Matemáticas,MATEMÁTICAS 10°,22,22,41.59090909090909,16,6,72.72727272727273,27.27272727272727
2026,COT,10,DECIMO,Sociales y Ciudadanas,SOCIALES Y CIUDADANAS 10°,22,22,68.18181818181819,4,18,18.181818181818183,81.81818181818183
2026,MOS,3,TERCERO,Lenguaje,LENGUAJE 3°,92,92,40.76086956521739,70,22,76.08695652173914,23.91304347826087
2026,MOS,3,TERCERO,Matemáticas,MATEMÁTICAS 3°,95,95,56.21052631578947,39,56,41.05263157894737,58.94736842105262
2026,MOS,4,CUARTO,Lenguaje,LENGUAJE 4°,91,91,52.252747252747255,48,43,52.74725274725275,47.25274725274725
2026,MOS,4,CUARTO,Matemáticas,MATEMÁTICAS 4°,97,97,52.11340206185567,51,46,52.57731958762887,47.42268041237113
2026,MOS,5,QUINTO,Ciencias,CIENCIAS 5°,88,88,51.53409090909091,46,42,52.27272727272727,47.72727272727273
2026,MOS,5,QUINTO,Lenguaje,LENGUAJE 5°,90,90,41.166666666666664,64,26,71.11111111111111,28.888888888888886
2026,MOS,5,QUINTO,Matemáticas,MATEMÁTICAS 5°,94,94,48.98936170212766,49,45,52.12765957446809,47.87234042553192
2026,MOS,5,QUINTO,Sociales y Ciudadanas,COMPETENCIAS CIUDADANAS - PENSAMIENTO CIUDADANO 5°,70,70,35.214285714285715,55,15,78.57142857142857,21.428571428571427
2026,MOS,6,SEXTO,Ciencias,CIENCIAS 6°,111,111,56.666666666666664,49,62,44.14414414414414,55.85585585585585
2026,MOS,6,SEXTO,Lenguaje,LENGUAJE 6°,109,109,53.11926605504587,58,51,53.21100917431193,46.788990825688074
2026,MOS,6,SEXTO,Matemáticas,MATEMÁTICAS 6°,111,111,62.47747747747748,34,77,30.630630630630627,69.36936936936937
2026,MOS,6,SEXTO,Sociales y Ciudadanas,COMPETENCIAS CIUDADANAS - PENSAMIENTO CIUDADANO 6°,109,109,51.00917431192661,59,50,54.12844036697248,45.87155963302752
2026,MOS,7,SEPTIMO,Ciencias,CIENCIAS 7°,73,73,58.63013698630137,28,45,38.35616438356164,61.64383561643836
2026,MOS,7,SEPTIMO,Lenguaje,LENGUAJE 7°,70,70,56.57142857142857,23,47,32.857142857142854,67.14285714285714
2026,MOS,7,SEPTIMO,Matemáticas,MATEMÁTICAS 7°,85,85,59.05882352941177,27,58,31.76470588235294,68.23529411764706
2026,MOS,7,SEPTIMO,Sociales y Ciudadanas,COMPETENCIAS CIUDADANAS - PENSAMIENTO CIUDADANO 7°,60,60,57.083333333333336,30,30,50.0,50.0
2026,MOS,8,OCTAVO,Ciencias,CIENCIAS 8°,80,80,63.9375,22,58,27.500000000000004,72.5
2026,MOS,8,OCTAVO,Lenguaje,LENGUAJE 8°,79,79,61.20253164556962,25,54,31.645569620253166,68.35443037974683
2026,MOS,8,OCTAVO,Matemáticas,MATEMÁTICAS 8°,80,80,61.0625,23,57,28.749999999999996,71.25
2026,MOS,8,OCTAVO,Sociales y Ciudadanas,COMPETENCIAS CIUDADANAS - PENSAMIENTO CIUDADANO 8°,78,78,54.23076923076923,39,39,50.0,50.0
2026,MOS,9,NOVENO,Ciencias,CIENCIAS 9°,66,66,56.666666666666664,24,42,36.36363636363637,63.63636363636363
2026,MOS,9,NOVENO,Inglés,INGLÉS 9°,63,63,36.940836940836945,61,2,96.82539682539682,3.1746031746031744
2026,MOS,9,NOVENO,Lenguaje,LENGUAJE 9°,64,64,61.40625,22,42,34.375,65.625
2026,MOS,9,NOVENO,Matemáticas,MATEMÁTICAS 9°,65,65,67.07692307692308,13,52,20.0,80.0
2026,MOS,9,NOVENO,Sociales y Ciudadanas,COMPETENCIAS CIUDADANAS - PENSAMIENTO CIUDADANO 9°,64,64,62.65625,22,42,34.375,65.625
2026,MOS,10,DECIMO,Ciencias,CIENCIAS 10°,51,51,53.333333333333336,25,26,49.01960784313725,50.98039215686274
2026,MOS,10,DECIMO,Inglés,INGLÉS 10°,44,44,59.19421487603306,14,30,31.818181818181817,68.18181818181817
2026,MOS,10,DECIMO,Lenguaje,LENGUAJE 10°,49,49,43.97959183673469,35,14,71.42857142857143,28.57142857142857
2026,MOS,10,DECIMO,Matemáticas,MATEMÁTICAS 10°,50,50,43.3,37,13,74.0,26.0
2026,MOS,10,DECIMO,Sociales y Ciudadanas,SOCIALES Y CIUDADANAS 10°,42,42,49.404761904761905,24,18,57.14285714285714,42.857142857142854
2026,MOS,11,UNDECIMO,Ciencias,CIENCIAS 11°,50,50,53.7,23,27,46.0,54.0
2026,MOS,11,UNDECIMO,Inglés,INGLÉS 11°,47,47,64.76595744680851,9,38,19.148936170212767,80.85106382978722
2026,MOS,11,UNDECIMO,Lenguaje,LENGUAJE 11°,50,50,62.7,16,34,32.0,68.0
2026,MOS,11,UNDECIMO,Matemáticas,MATEMÁTICAS 11°,51,51,47.35294117647059,32,19,62.745098039215684,37.254901960784316
2026,MOS,11,UNDECIMO,Sociales y Ciudadanas,SOCIALES Y CIUDADANAS 11°,48,48,67.5,10,38,20.833333333333336,79.16666666666666
2026,TUN,3,TERCERO,Lenguaje,LENGUAJE 3°,28,28,40.535714285714285,21,7,75.0,25.0
2026,TUN,3,TERCERO,Matemáticas,MATEMÁTICAS 3°,28,28,51.785714285714285,13,15,46.42857142857143,53.57142857142857
2026,TUN,4,CUARTO,Lenguaje,LENGUAJE 4°,17,17,51.76470588235294,9,8,52.94117647058824,47.05882352941176
2026,TUN,4,CUARTO,Matemáticas,MATEMÁTICAS 4°,18,18,50.833333333333336,9,9,50.0,50.0
2026,TUN,5,QUINTO,Ciencias,CIENCIAS 5°,41,41,59.26829268292683,11,30,26.82926829268293,73.17073170731707
2026,TUN,5,QUINTO,Lenguaje,LENGUAJE 5°,41,41,50.36585365853659,24,17,58.536585365853654,41.46341463414634
2026,TUN,5,QUINTO,Matemáticas,MATEMÁTICAS 5°,41,41,54.63414634146341,18,23,43.90243902439025,56.09756097560976
2026,TUN,5,QUINTO,Sociales y Ciudadanas,COMPETENCIAS CIUDADANAS - PENSAMIENTO CIUDADANO 5°,41,41,41.707317073170735,30,11,73.17073170731707,26.82926829268293
2026,TUN,6,SEXTO,Ciencias,CIENCIAS 6°,38,38,63.81578947368421,10,28,26.31578947368421,73.68421052631578
2026,TUN,6,SEXTO,Lenguaje,LENGUAJE 6°,40,40,62.875,13,27,32.5,67.5
2026,TUN,6,SEXTO,Matemáticas,MATEMÁTICAS 6°,40,40,63.125,11,29,27.500000000000004,72.5
2026,TUN,6,SEXTO,Sociales y Ciudadanas,COMPETENCIAS CIUDADANAS - PENSAMIENTO CIUDADANO 6°,38,38,64.47368421052632,10,28,26.31578947368421,73.68421052631578
2026,TUN,7,SEPTIMO,Ciencias,CIENCIAS 7°,33,33,67.57575757575758,8,25,24.242424242424242,75.75757575757575
2026,TUN,7,SEPTIMO,Lenguaje,LENGUAJE 7°,34,34,60.0,13,21,38.23529411764706,61.76470588235294
2026,TUN,7,SEPTIMO,Matemáticas,MATEMÁTICAS 7°,34,34,62.5,10,24,29.411764705882355,70.58823529411765
2026,TUN,7,SEPTIMO,Sociales y Ciudadanas,COMPETENCIAS CIUDADANAS - PENSAMIENTO CIUDADANO 7°,33,33,65.0,11,22,33.33333333333333,66.66666666666666
2026,TUN,8,OCTAVO,Ciencias,CIENCIAS 8°,41,41,63.41463414634146,13,28,31.70731707317073,68.29268292682927
2026,TUN,8,OCTAVO,Lenguaje,LENGUAJE 8°,40,40,64.375,9,31,22.5,77.5
2026,TUN,8,OCTAVO,Matemáticas,MATEMÁTICAS 8°,40,40,62.875,10,30,25.0,75.0
2026,TUN,8,OCTAVO,Sociales y Ciudadanas,COMPETENCIAS CIUDADANAS - PENSAMIENTO CIUDADANO 8°,41,41,62.926829268292686,15,26,36.58536585365854,63.41463414634146
2026,TUN,9,NOVENO,Ciencias,CIENCIAS 9°,36,36,58.888888888888886,11,25,30.555555555555557,69.44444444444444
2026,TUN,9,NOVENO,Inglés,INGLÉS 9°,36,36,31.81818181818182,34,2,94.44444444444444,5.555555555555555
2026,TUN,9,NOVENO,Lenguaje,LENGUAJE 9°,36,36,65.0,6,30,16.666666666666664,83.33333333333334
2026,TUN,9,NOVENO,Matemáticas,MATEMÁTICAS 9°,36,36,69.58333333333333,4,32,11.11111111111111,88.88888888888889
2026,TUN,9,NOVENO,Sociales y Ciudadanas,COMPETENCIAS CIUDADANAS - PENSAMIENTO CIUDADANO 9°,36,36,67.5,8,28,22.22222222222222,77.77777777777779
2026,TUN,10,DECIMO,Ciencias,CIENCIAS 10°,44,44,70.11363636363636,8,36,18.181818181818183,81.81818181818183
2026,TUN,10,DECIMO,Inglés,INGLÉS 10°,45,45,60.5050505050505,14,31,31.11111111111111,68.88888888888889
2026,TUN,10,DECIMO,Lenguaje,LENGUAJE 10°,47,47,49.46808510638298,28,19,59.57446808510638,40.42553191489361
2026,TUN,10,DECIMO,Matemáticas,MATEMÁTICAS 10°,47,47,47.340425531914896,32,15,68.08510638297872,31.914893617021278
2026,TUN,10,DECIMO,Sociales y Ciudadanas,SOCIALES Y CIUDADANAS 10°,44,44,71.13636363636364,6,38,13.636363636363635,86.36363636363636
2026,USAQ,3,TERCERO,Lenguaje,LENGUAJE 3°,17,17,26.470588235294116,15,2,88.23529411764706,11.76470588235294
2026,USAQ,3,TERCERO,Matemáticas,MATEMÁTICAS 3°,24,24,44.791666666666664,15,9,62.5,37.5
2026,USAQ,4,CUARTO,Lenguaje,LENGUAJE 4°,56,56,49.464285714285715,29,27,51.78571428571429,48.214285714285715
2026,USAQ,4,CUARTO,Matemáticas,MATEMÁTICAS 4°,52,52,43.75,38,14,73.07692307692307,26.923076923076923
2026,USAQ,5,QUINTO,Ciencias,CIENCIAS 5°,41,41,56.951219512195124,14,27,34.146341463414636,65.85365853658537
2026,USAQ,5,QUINTO,Lenguaje,LENGUAJE 5°,42,42,53.57142857142857,17,25,40.476190476190474,59.523809523809526
2026,USAQ,5,QUINTO,Matemáticas,MATEMÁTICAS 5°,41,41,47.31707317073171,20,21,48.78048780487805,51.21951219512195
2026,USAQ,5,QUINTO,Sociales y Ciudadanas,COMPETENCIAS CIUDADANAS - PENSAMIENTO CIUDADANO 5°,39,39,42.94871794871795,27,12,69.23076923076923,30.76923076923077
2026,USAQ,6,SEXTO,Ciencias,CIENCIAS 6°,29,29,56.03448275862069,14,15,48.275862068965516,51.724137931034484
2026,USAQ,6,SEXTO,Lenguaje,LENGUAJE 6°,57,57,56.40350877192982,18,39,31.57894736842105,68.42105263157895
2026,USAQ,6,SEXTO,Matemáticas,MATEMÁTICAS 6°,60,60,60.833333333333336,23,37,38.333333333333336,61.66666666666667
2026,USAQ,6,SEXTO,Sociales y Ciudadanas,COMPETENCIAS CIUDADANAS - PENSAMIENTO CIUDADANO 6°,62,62,70.40322580645162,10,52,16.129032258064516,83.87096774193549
2026,USAQ,7,SEPTIMO,Ciencias,CIENCIAS 7°,51,51,59.411764705882355,20,31,39.21568627450981,60.78431372549019
2026,USAQ,7,SEPTIMO,Lenguaje,LENGUAJE 7°,52,52,65.76923076923077,14,38,26.923076923076923,73.07692307692307
2026,USAQ,7,SEPTIMO,Matemáticas,MATEMÁTICAS 7°,54,54,56.388888888888886,23,31,42.592592592592595,57.407407407407405
2026,USAQ,7,SEPTIMO,Sociales y Ciudadanas,COMPETENCIAS CIUDADANAS - PENSAMIENTO CIUDADANO 7°,30,30,77.83333333333333,5,25,16.666666666666664,83.33333333333334
2026,USAQ,8,OCTAVO,Ciencias,CIENCIAS 8°,59,59,48.898305084745765,31,28,52.54237288135594,47.45762711864407
2026,USAQ,8,OCTAVO,Lenguaje,LENGUAJE 8°,57,57,58.333333333333336,22,35,38.59649122807017,61.40350877192983
2026,USAQ,8,OCTAVO,Matemáticas,MATEMÁTICAS 8°,62,62,52.74193548387097,27,35,43.54838709677419,56.451612903225815
2026,USAQ,8,OCTAVO,Sociales y Ciudadanas,COMPETENCIAS CIUDADANAS - PENSAMIENTO CIUDADANO 8°,45,45,62.44444444444444,16,29,35.55555555555556,64.44444444444444
2026,ZIPA,3,TERCERO,Lenguaje,LENGUAJE 3°,54,54,45.18518518518518,40,14,74.07407407407408,25.925925925925924
2026,ZIPA,3,TERCERO,Matemáticas,MATEMÁTICAS 3°,54,54,51.111111111111114,31,23,57.407407407407405,42.592592592592595
2026,ZIPA,4,CUARTO,Lenguaje,LENGUAJE 4°,55,55,53.36363636363637,25,30,45.45454545454545,54.54545454545454
2026,ZIPA,4,CUARTO,Matemáticas,MATEMÁTICAS 4°,53,53,48.77358490566038,29,24,54.71698113207547,45.28301886792453
2026,ZIPA,5,QUINTO,Ciencias,CIENCIAS 5°,67,67,55.67164179104478,23,44,34.32835820895522,65.67164179104478
2026,ZIPA,5,QUINTO,Lenguaje,LENGUAJE 5°,68,68,51.61764705882353,32,36,47.05882352941176,52.94117647058824
2026,ZIPA,5,QUINTO,Matemáticas,MATEMÁTICAS 5°,68,68,53.30882352941177,30,38,44.11764705882353,55.88235294117647
2026,ZIPA,5,QUINTO,Sociales y Ciudadanas,COMPETENCIAS CIUDADANAS - PENSAMIENTO CIUDADANO 5°,68,68,41.76470588235294,52,16,76.47058823529412,23.52941176470588
2026,ZIPA,6,SEXTO,Ciencias,CIENCIAS 6°,74,74,51.28378378378378,39,35,52.702702702702695,47.2972972972973
2026,ZIPA,6,SEXTO,Lenguaje,LENGUAJE 6°,75,75,55.93333333333333,32,43,42.66666666666667,57.333333333333336
2026,ZIPA,6,SEXTO,Matemáticas,MATEMÁTICAS 6°,73,73,53.76712328767123,36,37,49.31506849315068,50.68493150684932
2026,ZIPA,6,SEXTO,Sociales y Ciudadanas,COMPETENCIAS CIUDADANAS - PENSAMIENTO CIUDADANO 6°,73,73,54.657534246575345,35,38,47.94520547945205,52.054794520547944
2026,ZIPA,7,SEPTIMO,Ciencias,CIENCIAS 7°,65,65,68.15384615384616,13,52,20.0,80.0
2026,ZIPA,7,SEPTIMO,Lenguaje,LENGUAJE 7°,65,65,66.61538461538461,11,54,16.923076923076923,83.07692307692308
2026,ZIPA,7,SEPTIMO,Matemáticas,MATEMÁTICAS 7°,65,65,63.23076923076923,20,45,30.76923076923077,69.23076923076923
2026,ZIPA,7,SEPTIMO,Sociales y Ciudadanas,COMPETENCIAS CIUDADANAS - PENSAMIENTO CIUDADANO 7°,65,65,77.07692307692308,7,58,10.76923076923077,89.23076923076924
2026,ZIPA,8,OCTAVO,Ciencias,CIENCIAS 8°,74,74,70.47297297297297,10,64,13.513513513513514,86.48648648648648
2026,ZIPA,8,OCTAVO,Lenguaje,LENGUAJE 8°,74,74,64.79729729729729,16,58,21.62162162162162,78.37837837837837
2026,ZIPA,8,OCTAVO,Matemáticas,MATEMÁTICAS 8°,72,72,66.11111111111111,17,55,23.61111111111111,76.38888888888889
2026,ZIPA,8,OCTAVO,Sociales y Ciudadanas,COMPETENCIAS CIUDADANAS - PENSAMIENTO CIUDADANO 8°,72,72,77.70833333333333,13,59,18.055555555555554,81.94444444444444
2026,ZIPA,9,NOVENO,Ciencias,CIENCIAS 9°,48,48,69.47916666666667,6,42,12.5,87.5
2026,ZIPA,9,NOVENO,Inglés,INGLÉS 9°,47,47,37.52417794970986,38,9,80.85106382978722,19.148936170212767
2026,ZIPA,9,NOVENO,Lenguaje,LENGUAJE 9°,50,50,66.4,5,45,10.0,90.0
2026,ZIPA,9,NOVENO,Matemáticas,MATEMÁTICAS 9°,50,50,71.1,3,47,6.0,94.0
2026,ZIPA,9,NOVENO,Sociales y Ciudadanas,COMPETENCIAS CIUDADANAS - PENSAMIENTO CIUDADANO 9°,48,48,85.3125,4,44,8.333333333333332,91.66666666666666
2026,ZIPA,10,DECIMO,Ciencias,CIENCIAS 10°,35,35,68.0,7,28,20.0,80.0
2026,ZIPA,10,DECIMO,Inglés,INGLÉS 10°,36,36,60.73232323232324,11,25,30.555555555555557,69.44444444444444
2026,ZIPA,10,DECIMO,Lenguaje,LENGUAJE 10°,34,34,54.705882352941174,14,20,41.17647058823529,58.82352941176471
2026,ZIPA,10,DECIMO,Matemáticas,MATEMÁTICAS 10°,36,36,48.19444444444444,20,16,55.55555555555556,44.44444444444444
2026,ZIPA,10,DECIMO,Sociales y Ciudadanas,SOCIALES Y CIUDADANAS 10°,36,36,70.13888888888889,6,30,16.666666666666664,83.33333333333334