Prueba,Sede,Grado_num,Estudiantes,Nivel1_2,Nuevos_1_o_menos,Nuevos_Nivel1_2,Pct_Nuevos_en_Nivel1_2,Pct_del_Nivel1_2_que_son_nuevos
Ciencias naturales,MOS,5,88,46,14,8,57.14285714285714,17.391304347826086
Ciencias naturales,MOS,6,111,49,31,16,51.61290322580645,32.6530612244898
Ciencias naturales,MOS,7,73,28,23,9,39.130434782608695,32.142857142857146
Ciencias naturales,MOS,8,80,22,20,6,30.0,27.27272727272727
Ciencias naturales,MOS,9,66,24,10,6,60.0,25.0
Ciencias naturales,MOS,10,51,25,4,2,50.0,8.0
Ciencias naturales,MOS,11,50,23,0,0,,0.0
Ciencias naturales,TUN,5,41,11,31,7,22.58064516129032,63.63636363636363
Ciencias naturales,TUN,6,38,10,32,10,31.25,100.0
Ciencias naturales,TUN,7,33,8,22,6,27.27272727272727,75.0
Ciencias naturales,TUN,8,41,13,25,7,28.000000000000004,53.84615384615385
Ciencias naturales,TUN,9,36,11,14,1,7.142857142857142,9.090909090909092
Ciencias naturales,TUN,10,44,8,13,2,15.384615384615385,25.0
Ciencias sociales,MOS,5,70,55,10,9,90.0,16.363636363636363
Ciencias sociales,MOS,6,109,59,30,14,46.666666666666664,23.728813559322035
Ciencias sociales,MOS,7,60,30,19,13,68.42105263157895,43.333333333333336
Ciencias sociales,MOS,8,78,39,20,8,40.0,20.51282051282051
Ciencias sociales,MOS,9,64,22,9,2,22.22222222222222,9.090909090909092
Ciencias sociales,MOS,10,42,24,4,2,50.0,8.333333333333332
Ciencias sociales,MOS,11,48,10,0,0,,0.0
Ciencias sociales,TUN,5,41,30,31,22,70.96774193548387,73.33333333333333
Ciencias sociales,TUN,6,38,10,32,10,31.25,100.0
Ciencias sociales,TUN,7,33,11,22,7,31.818181818181817,63.63636363636363
Ciencias sociales,TUN,8,41,15,25,11,44.0,73.33333333333333
Ciencias sociales,TUN,9,36,8,14,2,14.285714285714285,25.0
Ciencias sociales,TUN,10,44,6,13,0,0.0,0.0
Inglés,MOS,9,63,51,9,8,88.88888888888889,15.686274509803921
Inglés,MOS,10,44,14,3,2,66.66666666666666,14.285714285714285
Inglés,MOS,11,47,9,0,0,,0.0
Inglés,TUN,9,36,30,14,11,78.57142857142857,36.666666666666664
Inglés,TUN,10,45,14,13,7,53.84615384615385,50.0
Lenguaje,MOS,3,92,70,21,18,85.71428571428571,25.71428571428571
Lenguaje,MOS,4,91,48,17,9,52.94117647058824,18.75
Lenguaje,MOS,5,90,64,16,12,75.0,18.75
Lenguaje,MOS,6,109,58,29,16,55.172413793103445,27.586206896551722
Lenguaje,MOS,7,70,23,21,6,28.57142857142857,26.08695652173913
Lenguaje,MOS,8,79,25,20,5,25.0,20.0
Lenguaje,MOS,9,64,22,9,5,55.55555555555556,22.727272727272727
Lenguaje,MOS,10,49,35,4,3,75.0,8.571428571428571
Lenguaje,MOS,11,50,16,0,0,,0.0
Lenguaje,TUN,3,28,21,11,8,72.72727272727273,38.095238095238095
Lenguaje,TUN,4,17,9,12,7,58.333333333333336,77.77777777777779
Lenguaje,TUN,5,41,24,31,18,58.06451612903226,75.0
Lenguaje,TUN,6,40,13,33,13,39.39393939393939,100.0
Lenguaje,TUN,7,34,13,23,11,47.82608695652174,84.61538461538461
Lenguaje,TUN,8,40,9,24,7,29.166666666666668,77.77777777777779
Lenguaje,TUN,9,36,6,14,1,7.142857142857142,16.666666666666664
Lenguaje,TUN,10,47,28,14,10,71.42857142857143,35.714285714285715
Matemáticas,MOS,3,95,39,22,10,45.45454545454545,25.64102564102564
Matemáticas,MOS,4,97,51,17,11,64.70588235294117,21.568627450980394
Matemáticas,MOS,5,94,49,17,10,58.82352941176471,20.408163265306122
Matemáticas,MOS,6,111,34,31,11,35.483870967741936,32.35294117647059
Matemáticas,MOS,7,85,27,27,11,40.74074074074074,40.74074074074074
Matemáticas,MOS,8,80,23,20,6,30.0,26.08695652173913
Matemáticas,MOS,9,65,13,10,4,40.0,30.76923076923077
Matemáticas,MOS,10,50,37,4,3,75.0,8.108108108108109
Matemáticas,MOS,11,51,32,0,0,,0.0
Matemáticas,TUN,3,28,13,11,5,45.45454545454545,38.46153846153847
Matemáticas,TUN,4,18,9,13,8,61.53846153846154,88.88888888888889
Matemáticas,TUN,5,41,18,31,11,35.483870967741936,61.111111111111114
Matemáticas,TUN,6,40,11,33,11,33.33333333333333,100.0
Matemáticas,TUN,7,34,10,23,7,30.434782608695656,70.0
Matemáticas,TUN,8,40,10,24,5,20.833333333333336,50.0
Matemáticas,TUN,9,36,4,14,0,0.0,0.0
Matemáticas,TUN,10,47,32,14,10,71.42857142857143,31.25