Sede,Grado,Grado_num,Area,Estudiantes,Intentos,Promedio,Cobertura,Progreso_limitado,Emergente,En_aceleracion,Avanzado
BAQ,CUARTO,4.00,Lenguaje,67,67,47.84,94.03,17.91,41.79,34.33,5.97
BAQ,CUARTO,4.00,Matemáticas,68,68,45.51,95.51,16.18,44.12,36.76,2.94
BAQ,OCTAVO,8.00,Ciencias,56,56,59.73,99.02,5.36,28.57,48.21,17.86
BAQ,OCTAVO,8.00,Lenguaje,59,59,59.15,100.00,1.69,32.20,57.63,8.47
BAQ,OCTAVO,8.00,Matemáticas,60,60,60.00,99.42,0.00,28.33,60.00,11.67
BAQ,OCTAVO,8.00,Sociales y Ciudadanas,56,56,52.68,100.00,5.36,53.57,25.00,16.07
BAQ,QUINTO,5.00,Lenguaje,3,3,50.00,100.00,0.00,66.67,0.00,33.33
BAQ,QUINTO,5.00,Matemáticas,8,8,48.12,88.75,12.50,50.00,25.00,12.50
BAQ,SEPTIMO,7.00,Ciencias,50,50,63.40,100.00,6.00,20.00,52.00,22.00
BAQ,SEPTIMO,7.00,Lenguaje,48,48,61.56,98.96,10.42,20.83,47.92,20.83
BAQ,SEPTIMO,7.00,Matemáticas,51,51,63.43,100.00,0.00,21.57,62.75,15.69
BAQ,SEPTIMO,7.00,Sociales y Ciudadanas,50,50,64.30,98.60,12.00,20.00,26.00,42.00
BAQ,SEXTO,6.00,Ciencias,14,14,47.86,93.93,7.14,57.14,28.57,7.14
BAQ,SEXTO,6.00,Lenguaje,30,30,58.17,95.83,13.33,20.00,46.67,20.00
BAQ,SEXTO,6.00,Matemáticas,40,40,59.38,100.00,0.00,35.00,50.00,15.00
BAQ,SEXTO,6.00,Sociales y Ciudadanas,10,10,55.50,95.50,10.00,30.00,50.00,10.00
BAQ,TERCERO,3.00,Lenguaje,58,58,42.84,100.00,20.69,44.83,31.03,3.45
BAQ,TERCERO,3.00,Matemáticas,57,57,47.11,97.19,21.05,33.33,38.60,7.02
COT,CUARTO,4.00,Lenguaje,28,28,50.71,100.00,10.71,42.86,35.71,10.71
COT,CUARTO,4.00,Matemáticas,28,28,52.86,99.82,7.14,46.43,35.71,10.71
COT,DECIMO,10.00,Ciencias,22,22,65.00,100.00,0.00,18.18,68.18,13.64
COT,DECIMO,10.00,Inglés,21,21,62.77,81.82,0.00,28.57,38.10,33.33
COT,DECIMO,10.00,Lenguaje,22,22,52.73,100.00,9.09,45.45,40.91,4.55
COT,DECIMO,10.00,Matemáticas,22,22,41.59,99.77,18.18,54.55,27.27,0.00
COT,DECIMO,10.00,Sociales y Ciudadanas,22,22,68.18,100.00,0.00,18.18,54.55,27.27
COT,NOVENO,9.00,Ciencias,37,37,55.68,100.00,2.70,40.54,43.24,13.51
COT,NOVENO,9.00,Inglés,33,33,38.98,59.09,18.18,66.67,15.15,0.00
COT,NOVENO,9.00,Lenguaje,37,37,67.97,100.00,2.70,16.22,43.24,37.84
COT,NOVENO,9.00,Matemáticas,37,37,70.27,100.00,0.00,16.22,54.05,29.73
COT,NOVENO,9.00,Sociales y Ciudadanas,36,36,66.39,100.00,2.78,22.22,38.89,36.11
COT,OCTAVO,8.00,Ciencias,31,31,60.32,100.00,3.23,32.26,45.16,19.35
COT,OCTAVO,8.00,Lenguaje,31,31,60.65,100.00,3.23,32.26,54.84,9.68
COT,OCTAVO,8.00,Matemáticas,31,31,57.26,100.00,0.00,45.16,45.16,9.68
COT,OCTAVO,8.00,Sociales y Ciudadanas,31,31,67.90,99.84,6.45,16.13,38.71,38.71
COT,QUINTO,5.00,Ciencias,37,37,59.86,98.11,5.41,21.62,56.76,16.22
COT,QUINTO,5.00,Lenguaje,38,38,55.26,100.00,5.26,34.21,50.00,10.53
COT,QUINTO,5.00,Matemáticas,38,38,53.03,98.95,2.63,44.74,47.37,5.26
COT,QUINTO,5.00,Sociales y Ciudadanas,39,39,48.59,100.00,10.26,46.15,38.46,5.13
COT,SEPTIMO,7.00,Ciencias,35,35,60.00,100.00,5.71,17.14,62.86,14.29
COT,SEPTIMO,7.00,Lenguaje,35,35,63.86,100.00,2.86,17.14,68.57,11.43
COT,SEPTIMO,7.00,Matemáticas,35,35,60.29,99.57,0.00,22.86,65.71,11.43
COT,SEPTIMO,7.00,Sociales y Ciudadanas,35,35,73.29,100.00,5.71,11.43,20.00,62.86
COT,SEXTO,6.00,Ciencias,32,32,65.31,100.00,6.25,18.75,50.00,25.00
COT,SEXTO,6.00,Lenguaje,32,32,64.38,100.00,6.25,12.50,53.12,28.12
COT,SEXTO,6.00,Matemáticas,32,32,61.09,100.00,3.12,31.25,43.75,21.88
COT,SEXTO,6.00,Sociales y Ciudadanas,31,31,72.42,100.00,0.00,12.90,48.39,38.71
COT,TERCERO,3.00,Lenguaje,26,26,49.42,100.00,15.38,50.00,26.92,7.69
COT,TERCERO,3.00,Matemáticas,26,26,53.46,98.85,7.69,53.85,26.92,11.54
MOS,CUARTO,4.00,Lenguaje,91,91,52.25,91.54,10.99,41.76,24.18,23.08
MOS,CUARTO,4.00,Matemáticas,97,97,52.11,98.61,4.12,48.45,42.27,5.15
MOS,DECIMO,10.00,Ciencias,51,51,53.33,97.25,15.69,33.33,37.25,13.73
MOS,DECIMO,10.00,Inglés,44,44,59.19,80.48,4.55,27.27,59.09,9.09
MOS,DECIMO,10.00,Lenguaje,49,49,43.98,99.39,12.24,59.18,20.41,8.16
MOS,DECIMO,10.00,Matemáticas,50,50,43.30,99.50,10.00,64.00,26.00,0.00
MOS,DECIMO,10.00,Sociales y Ciudadanas,42,42,49.40,98.69,21.43,35.71,28.57,14.29
MOS,NOVENO,9.00,Ciencias,66,66,56.67,98.79,9.09,27.27,48.48,15.15
MOS,NOVENO,9.00,Inglés,63,63,41.49,59.09,4.76,76.19,19.05,0.00
MOS,NOVENO,9.00,Lenguaje,64,64,61.41,98.12,3.12,31.25,39.06,26.56
MOS,NOVENO,9.00,Matemáticas,65,65,67.08,100.00,0.00,20.00,58.46,21.54
MOS,NOVENO,9.00,Sociales y Ciudadanas,64,64,62.66,98.59,10.94,23.44,29.69,35.94
MOS,OCTAVO,8.00,Ciencias,80,80,63.94,99.12,5.00,22.50,45.00,27.50
MOS,OCTAVO,8.00,Lenguaje,79,79,61.20,100.00,3.80,27.85,50.63,17.72
MOS,OCTAVO,8.00,Matemáticas,80,80,61.06,99.38,2.50,26.25,57.50,13.75
MOS,OCTAVO,8.00,Sociales y Ciudadanas,78,78,54.23,100.00,14.10,35.90,30.77,19.23
MOS,QUINTO,5.00,Ciencias,88,88,51.53,93.92,9.09,43.18,42.05,5.68
MOS,QUINTO,5.00,Lenguaje,90,90,41.17,84.94,26.67,44.44,26.67,2.22
MOS,QUINTO,5.00,Matemáticas,94,94,48.99,93.35,10.64,41.49,46.81,1.06
MOS,QUINTO,5.00,Sociales y Ciudadanas,70,70,35.21,89.71,38.57,40.00,18.57,2.86
MOS,SEPTIMO,7.00,Ciencias,73,73,58.63,95.75,10.96,27.40,39.73,21.92
MOS,SEPTIMO,7.00,Lenguaje,70,70,56.57,98.00,10.00,22.86,58.57,8.57
MOS,SEPTIMO,7.00,Matemáticas,85,85,59.06,93.24,7.06,24.71,51.76,16.47
MOS,SEPTIMO,7.00,Sociales y Ciudadanas,60,60,57.08,88.33,18.33,31.67,20.00,30.00
MOS,SEXTO,6.00,Ciencias,111,111,56.67,100.00,9.01,35.14,38.74,17.12
MOS,SEXTO,6.00,Lenguaje,109,109,53.12,100.00,12.84,40.37,29.36,17.43
MOS,SEXTO,6.00,Matemáticas,111,111,62.48,99.14,4.50,26.13,45.05,24.32
MOS,SEXTO,6.00,Sociales y Ciudadanas,109,109,51.01,100.00,21.10,33.03,30.28,15.60
MOS,TERCERO,3.00,Lenguaje,92,92,40.76,89.62,27.17,48.91,11.96,11.96
MOS,TERCERO,3.00,Matemáticas,95,95,56.21,98.26,11.58,29.47,45.26,13.68
MOS,UNDECIMO,11.00,Ciencias,50,50,53.70,95.00,4.00,42.00,50.00,4.00
MOS,UNDECIMO,11.00,Inglés,47,47,64.77,82.81,6.38,12.77,42.55,38.30
MOS,UNDECIMO,11.00,Lenguaje,50,50,62.70,100.00,8.00,24.00,40.00,28.00
MOS,UNDECIMO,11.00,Matemáticas,51,51,47.35,100.00,7.84,54.90,35.29,1.96
MOS,UNDECIMO,11.00,Sociales y Ciudadanas,48,48,67.50,98.75,4.17,16.67,43.75,35.42
TUN,CUARTO,4.00,Lenguaje,17,17,51.76,100.00,23.53,29.41,29.41,17.65
TUN,CUARTO,4.00,Matemáticas,18,18,50.83,97.78,5.56,44.44,50.00,0.00
TUN,DECIMO,10.00,Ciencias,44,44,70.11,100.00,2.27,15.91,45.45,36.36
TUN,DECIMO,10.00,Inglés,45,45,60.51,81.82,0.00,31.11,48.89,20.00
TUN,DECIMO,10.00,Lenguaje,47,47,49.47,100.00,8.51,51.06,34.04,6.38
TUN,DECIMO,10.00,Matemáticas,47,47,47.34,100.00,14.89,53.19,31.91,0.00
TUN,DECIMO,10.00,Sociales y Ciudadanas,44,44,71.14,100.00,2.27,11.36,50.00,36.36
TUN,NOVENO,9.00,Ciencias,36,36,58.89,100.00,0.00,30.56,63.89,5.56
TUN,NOVENO,9.00,Inglés,36,36,36.36,59.09,27.78,55.56,16.67,0.00
TUN,NOVENO,9.00,Lenguaje,36,36,65.00,100.00,0.00,16.67,61.11,22.22
TUN,NOVENO,9.00,Matemáticas,36,36,69.58,100.00,0.00,11.11,55.56,33.33
TUN,NOVENO,9.00,Sociales y Ciudadanas,36,36,67.50,100.00,2.78,19.44,44.44,33.33
TUN,OCTAVO,8.00,Ciencias,41,41,63.41,100.00,7.32,24.39,36.59,31.71
TUN,OCTAVO,8.00,Lenguaje,40,40,64.38,98.00,2.50,20.00,55.00,22.50
TUN,OCTAVO,8.00,Matemáticas,40,40,62.88,100.00,5.00,20.00,47.50,27.50
TUN,OCTAVO,8.00,Sociales y Ciudadanas,41,41,62.93,99.88,12.20,24.39,29.27,34.15
TUN,QUINTO,5.00,Ciencias,41,41,59.27,100.00,4.88,21.95,65.85,7.32
TUN,QUINTO,5.00,Lenguaje,41,41,50.37,100.00,9.76,48.78,34.15,7.32
TUN,QUINTO,5.00,Matemáticas,41,41,54.63,100.00,7.32,36.59,48.78,7.32
TUN,QUINTO,5.00,Sociales y Ciudadanas,41,41,41.71,100.00,19.51,53.66,24.39,2.44
TUN,SEPTIMO,7.00,Ciencias,33,33,67.58,100.00,0.00,24.24,42.42,33.33
TUN,SEPTIMO,7.00,Lenguaje,34,34,60.00,100.00,2.94,35.29,41.18,20.59
TUN,SEPTIMO,7.00,Matemáticas,34,34,62.50,99.71,0.00,29.41,52.94,17.65
TUN,SEPTIMO,7.00,Sociales y Ciudadanas,33,33,65.00,100.00,9.09,24.24,33.33,33.33
TUN,SEXTO,6.00,Ciencias,38,38,63.82,100.00,5.26,21.05,52.63,21.05
TUN,SEXTO,6.00,Lenguaje,40,40,62.88,100.00,7.50,25.00,37.50,30.00
TUN,SEXTO,6.00,Matemáticas,40,40,63.12,99.25,0.00,27.50,52.50,20.00
TUN,SEXTO,6.00,Sociales y Ciudadanas,38,38,64.47,100.00,5.26,21.05,36.84,36.84
TUN,TERCERO,3.00,Lenguaje,28,28,40.54,96.96,32.14,42.86,21.43,3.57
TUN,TERCERO,3.00,Matemáticas,28,28,51.79,98.21,7.14,39.29,46.43,7.14
USAQ,CUARTO,4.00,Lenguaje,56,56,49.46,95.00,12.50,39.29,42.86,5.36
USAQ,CUARTO,4.00,Matemáticas,52,52,43.75,95.58,19.23,53.85,25.00,1.92
USAQ,OCTAVO,8.00,Ciencias,59,59,48.90,94.83,11.86,40.68,35.59,11.86
USAQ,OCTAVO,8.00,Lenguaje,57,57,58.33,99.30,10.53,28.07,40.35,21.05
USAQ,OCTAVO,8.00,Matemáticas,62,62,52.74,99.92,4.84,38.71,51.61,4.84
USAQ,OCTAVO,8.00,Sociales y Ciudadanas,45,45,62.44,100.00,0.00,35.56,42.22,22.22
USAQ,QUINTO,5.00,Ciencias,41,41,56.95,100.00,2.44,31.71,60.98,4.88
USAQ,QUINTO,5.00,Lenguaje,42,42,53.57,100.00,4.76,35.71,52.38,7.14
USAQ,QUINTO,5.00,Matemáticas,41,41,47.32,87.68,17.07,31.71,51.22,0.00
USAQ,QUINTO,5.00,Sociales y Ciudadanas,39,39,42.95,97.44,23.08,46.15,28.21,2.56
USAQ,SEPTIMO,7.00,Ciencias,51,51,59.41,100.00,5.88,33.33,39.22,21.57
USAQ,SEPTIMO,7.00,Lenguaje,52,52,65.77,100.00,7.69,19.23,38.46,34.62
USAQ,SEPTIMO,7.00,Matemáticas,54,54,56.39,100.00,5.56,37.04,48.15,9.26
USAQ,SEPTIMO,7.00,Sociales y Ciudadanas,30,30,77.83,100.00,0.00,16.67,26.67,56.67
USAQ,SEXTO,6.00,Ciencias,31,31,56.61,100.00,6.45,38.71,35.48,19.35
USAQ,SEXTO,6.00,Lenguaje,60,60,57.25,98.17,11.67,18.33,56.67,13.33
USAQ,SEXTO,6.00,Matemáticas,62,62,60.56,100.00,0.00,38.71,40.32,20.97
USAQ,SEXTO,6.00,Sociales y Ciudadanas,64,64,70.00,100.00,4.69,12.50,40.62,42.19
USAQ,TERCERO,3.00,Lenguaje,18,18,28.89,63.06,61.11,22.22,11.11,5.56
USAQ,TERCERO,3.00,Matemáticas,25,25,46.00,79.00,28.00,32.00,32.00,8.00
ZIPA,CUARTO,4.00,Lenguaje,55,55,53.36,99.82,14.55,30.91,43.64,10.91
ZIPA,CUARTO,4.00,Matemáticas,53,53,48.77,98.40,15.09,39.62,37.74,7.55
ZIPA,DECIMO,10.00,Ciencias,35,35,68.00,100.00,2.86,17.14,48.57,31.43
ZIPA,DECIMO,10.00,Inglés,36,36,60.73,81.82,5.56,25.00,50.00,19.44
ZIPA,DECIMO,10.00,Lenguaje,34,34,54.71,100.00,5.88,35.29,52.94,5.88
ZIPA,DECIMO,10.00,Matemáticas,36,36,48.19,100.00,13.89,41.67,44.44,0.00
ZIPA,DECIMO,10.00,Sociales y Ciudadanas,36,36,70.14,100.00,5.56,11.11,33.33,50.00
ZIPA,NOVENO,9.00,Ciencias,48,48,69.48,100.00,0.00,12.50,52.08,35.42
ZIPA,NOVENO,9.00,Inglés,47,47,42.07,59.09,6.38,68.09,25.53,0.00
ZIPA,NOVENO,9.00,Lenguaje,50,50,66.40,100.00,2.00,8.00,64.00,26.00
ZIPA,NOVENO,9.00,Matemáticas,50,50,71.10,100.00,2.00,4.00,60.00,34.00
ZIPA,NOVENO,9.00,Sociales y Ciudadanas,48,48,85.31,100.00,0.00,8.33,12.50,79.17
ZIPA,OCTAVO,8.00,Ciencias,74,74,70.47,100.00,1.35,12.16,47.30,39.19
ZIPA,OCTAVO,8.00,Lenguaje,74,74,64.80,99.32,1.35,20.27,56.76,21.62
ZIPA,OCTAVO,8.00,Matemáticas,72,72,66.11,100.00,0.00,23.61,45.83,30.56
ZIPA,OCTAVO,8.00,Sociales y Ciudadanas,72,72,77.71,99.86,1.39,16.67,13.89,68.06
ZIPA,QUINTO,5.00,Ciencias,67,67,55.67,100.00,5.97,28.36,59.70,5.97
ZIPA,QUINTO,5.00,Lenguaje,68,68,51.62,100.00,13.24,33.82,48.53,4.41
ZIPA,QUINTO,5.00,Matemáticas,68,68,53.31,100.00,5.88,38.24,48.53,7.35
ZIPA,QUINTO,5.00,Sociales y Ciudadanas,68,68,41.76,99.63,27.94,48.53,19.12,4.41
ZIPA,SEPTIMO,7.00,Ciencias,65,65,68.15,100.00,0.00,20.00,46.15,33.85
ZIPA,SEPTIMO,7.00,Lenguaje,65,65,66.62,100.00,0.00,16.92,55.38,27.69
ZIPA,SEPTIMO,7.00,Matemáticas,65,65,63.23,99.38,3.08,27.69,47.69,21.54
ZIPA,SEPTIMO,7.00,Sociales y Ciudadanas,65,65,77.08,100.00,1.54,9.23,30.77,58.46
ZIPA,SEXTO,6.00,Ciencias,74,74,51.28,100.00,9.46,43.24,40.54,6.76
ZIPA,SEXTO,6.00,Lenguaje,75,75,55.93,99.80,8.00,34.67,45.33,12.00
ZIPA,SEXTO,6.00,Matemáticas,73,73,53.77,99.73,9.59,39.73,39.73,10.96
ZIPA,SEXTO,6.00,Sociales y Ciudadanas,73,73,54.66,99.04,21.92,26.03,21.92,30.14
ZIPA,TERCERO,3.00,Lenguaje,54,54,45.19,99.35,20.37,53.70,20.37,5.56
ZIPA,TERCERO,3.00,Matemáticas,54,54,51.11,99.17,9.26,48.15,37.04,5.56