Prueba,Sede,Grado_num,Nivel,colegio_de_origen,Estudiantes,Ranking
Matemáticas,BAQ,3,Progreso limitado,GIMNASIO CASCANUECES,2,1
Matemáticas,BAQ,3,Progreso limitado,CENTRO EDUCATIVO CARIME,1,2
Matemáticas,BAQ,3,Progreso limitado,COLEGIO BIFFI LA SALLE,1,3
Matemáticas,BAQ,3,Progreso limitado,COLEGIO DE LA COMPAÑIA DE MARIA LA ENSEÑANZA,1,4
Matemáticas,BAQ,3,Progreso limitado,COLEGIO DEL SAGRADO CORAZÓN,1,5
Matemáticas,BAQ,3,Progreso limitado,COLEGIO JERUSALEM,1,6
Matemáticas,BAQ,3,Progreso limitado,COLEGIO NUESTRA SEÑORA DE LAS MERCEDES,1,7
Matemáticas,BAQ,3,Progreso limitado,FUNDACION EDUCATIVA COLEGIO DIOCESANO RICAURTE,1,8
Matemáticas,BAQ,3,Progreso limitado,INSTITUTO ARIANO,1,9
Matemáticas,BAQ,3,Progreso limitado,LICEO CAMPESTRE,1,10
Matemáticas,BAQ,3,Emergente,CENTRO EDUCATIVO BOSTON INTERNACIONAL,3,1
Matemáticas,BAQ,3,Emergente,CENTRO EDUCATIVO DESCUBRIENDO QUIEN SOY,1,2
Matemáticas,BAQ,3,Emergente,CENTRO EDUCATIVO SAGRADO CORAZÓN,1,3
Matemáticas,BAQ,3,Emergente,COLEGIO BIFFI LA SALLE,1,4
Matemáticas,BAQ,3,Emergente,COLEGIO COLOMBO ESPANOL DE BARRANQUILLA,1,5
Matemáticas,BAQ,3,Emergente,COLEGIO CRISTIANO J VENDER MURPHY,1,6
Matemáticas,BAQ,3,Emergente,COLEGIO GROW AND LEARN,1,7
Matemáticas,BAQ,3,Emergente,COLEGIO LYNDON B JOHNSON,1,8
Matemáticas,BAQ,3,Emergente,COLEGIO UNIVERSITARIO DEL SOCORRO SEDE KENNEDY,1,9
Matemáticas,BAQ,3,Emergente,GIMNASIO LOS ANDES,1,10
Matemáticas,BAQ,3,En aceleración,COLEGIO AMERICANO DE BARRANQUILLA,2,1
Matemáticas,BAQ,3,En aceleración,COLEGIO BIFFI LA SALLE,2,2
Matemáticas,BAQ,3,En aceleración,COLEGIO HARFORD,2,3
Matemáticas,BAQ,3,En aceleración,HARTFORD INTERNATIONAL SCHOOL,2,4
Matemáticas,BAQ,3,En aceleración,ASPEN CATOLIC,1,5
Matemáticas,BAQ,3,En aceleración,COLEGIO COLOMBO BRIGHTON,1,6
Matemáticas,BAQ,3,En aceleración,COLEGIO CRECER Y APRENDER,1,7
Matemáticas,BAQ,3,En aceleración,COLEGIO DEL SAGRADO CORAZÓN,1,8
Matemáticas,BAQ,3,En aceleración,COLEGIO GIMNASIO LA RIVERA,1,9
Matemáticas,BAQ,3,En aceleración,COLEGIO LICEO DE CERVANTES,1,10
Matemáticas,BAQ,3,Avanzado,COLEGIO PINAR DEL PRADO,1,1
Matemáticas,BAQ,3,Avanzado,GIMNASIO WILLIAM MACKINLEY,1,2
Matemáticas,BAQ,3,Avanzado,HARTFORD INTERNATIONAL SCHOOL,1,3
Matemáticas,BAQ,3,Avanzado,INNOVA SCHOOLS PORTAL DE GENOVÉS,1,4
Matemáticas,BAQ,4,Progreso limitado,COLEGIO LA MEDALLA MILAGROSA,2,1
Matemáticas,BAQ,4,Progreso limitado,CENTRO DOCENTE NUESTRA SEÑORA DEL BUEN CONSEJO,1,2
Matemáticas,BAQ,4,Progreso limitado,CENTRO EDUCATIVO BOSTON INTERNACIONAL,1,3
Matemáticas,BAQ,4,Progreso limitado,COLEGIO DEL SAGRADO CORAZÓN,1,4
Matemáticas,BAQ,4,Progreso limitado,COLEGIO JORGE ISAACS,1,5
Matemáticas,BAQ,4,Progreso limitado,COLEGIO LA ENSEÑANZA,1,6
Matemáticas,BAQ,4,Progreso limitado,COLEGIO LICEO DE CERVANTES,1,7
Matemáticas,BAQ,4,Progreso limitado,COLEGIO PARA EL DESARROLLO INTEGRAL GLENN DOMAN,1,8
Matemáticas,BAQ,4,Progreso limitado,COLEGIO SAN JOSE HERMANITAS DE LA ANUNCIACIÓN,1,9
Matemáticas,BAQ,4,Progreso limitado,LICEO CAMPESTRE,1,10
Matemáticas,BAQ,4,Emergente,COLEGIO BIFFI LA SALLE,5,1
Matemáticas,BAQ,4,Emergente,CENTRO EDUCATIVO BOSTON INTERNACIONAL,3,2
Matemáticas,BAQ,4,Emergente,COLEGIO COLON,2,3
Matemáticas,BAQ,4,Emergente,BACHILLERATO DIVERSIFICADO INCA LIMITADA,1,4
Matemáticas,BAQ,4,Emergente,CENTRO EDUCATIVO MI PEQUEÑO MUNDO,1,5
Matemáticas,BAQ,4,Emergente,CENTRO EDUCATIVO SAGRADO CORAZÓN DE JESUS,1,6
Matemáticas,BAQ,4,Emergente,COLEGIO COLOMBO ESPANOL DE BARRANQUILLA,1,7
Matemáticas,BAQ,4,Emergente,COLEGIO DE LA SAGRADA FAMILIA,1,8
Matemáticas,BAQ,4,Emergente,COLEGIO DEL SAGRADO CORAZÓN,1,9
Matemáticas,BAQ,4,Emergente,COLEGIO DEL SAGRADO CORAZÓN CALLE 74,1,10
Matemáticas,BAQ,4,En aceleración,COLEGIO BIFFI LA SALLE,2,1
Matemáticas,BAQ,4,En aceleración,COLEGIO COLOMBO ESPANOL DE BARRANQUILLA,2,2
Matemáticas,BAQ,4,En aceleración,COLEGIO DEL SAGRADO CORAZÓN,2,3
Matemáticas,BAQ,4,En aceleración,COLEGIO PINAR DEL PRADO,2,4
Matemáticas,BAQ,4,En aceleración,ASPAEN GIMNASIO ALTA MAR BILINGUE,1,5
Matemáticas,BAQ,4,En aceleración,CENTRO EDUCATIVO BOSTON INTERNACIONAL,1,6
Matemáticas,BAQ,4,En aceleración,CENTRO EDUCATIVO DESCUBRIENDO QUIEN SOY,1,7
Matemáticas,BAQ,4,En aceleración,CENTRO EDUCATIVO PARA LA FORMACIÓN INTEGRAL CEFI,1,8
Matemáticas,BAQ,4,En aceleración,COLEGIO AMERICANO DE BARRANQUILLA,1,9
Matemáticas,BAQ,4,En aceleración,COLEGIO CRISTIANO J VENDER MURPHY,1,10
Matemáticas,BAQ,4,Avanzado,BERCKLEY PRESCHOOL,1,1
Matemáticas,BAQ,4,Avanzado,CORPORACION EDUCATIVA AMERICAN SCHOOL,1,2
Matemáticas,BAQ,5,Progreso limitado,CENTRO EDUCATIVO BOSTON INTERNACIONAL,1,1
Matemáticas,BAQ,5,Emergente,COLEGIO BIFFI LA SALLE,2,1
Matemáticas,BAQ,5,Emergente,CENTRO DOCENTE NUESTRA SEÑORA DEL BUEN CONSEJO,1,2
Matemáticas,BAQ,5,Emergente,NUEVO COLEGIO DEL PRADO,1,3
Matemáticas,BAQ,5,En aceleración,COLEGIO DEL SAGRADO CORAZÓN CALLE 74,1,1
Matemáticas,BAQ,5,En aceleración,COLEGIO LICEO DE CERVANTES,1,2
Matemáticas,BAQ,5,Avanzado,CORPORACION EDUCATIVA AMERICAN SCHOOL,1,1
Matemáticas,BAQ,6,Emergente,COLEGIO AMERICANO DE BARRANQUILLA,2,1
Matemáticas,BAQ,6,Emergente,CENTRO EDUCATIVO BOSTON INTERNACIONAL,1,2
Matemáticas,BAQ,6,Emergente,CENTRO EDUCATIVO SAGRADO CORAZÓN,1,3
Matemáticas,BAQ,6,Emergente,CENTRO EDUCATIVO SAGRADO CORAZÓN DE JESUS,1,4
Matemáticas,BAQ,6,Emergente,COLEGIO BIFFI LA SALLE,1,5
Matemáticas,BAQ,6,Emergente,COLEGIO BOSTON FLEXIBLE,1,6
Matemáticas,BAQ,6,Emergente,COLEGIO CRISTIANO J VENDER MURPHY,1,7
Matemáticas,BAQ,6,Emergente,COLEGIO EL DIVINO NIÑO,1,8
Matemáticas,BAQ,6,Emergente,COLEGIO HARFORD,1,9
Matemáticas,BAQ,6,Emergente,COLEGIO SAN JOSE,1,10
Matemáticas,BAQ,6,En aceleración,COLEGIO AMERICANO DE BARRANQUILLA,2,1
Matemáticas,BAQ,6,En aceleración,COLEGIO DEL SAGRADO CORAZÓN,2,2
Matemáticas,BAQ,6,En aceleración,BACHILLERATO DIVERSIFICADO INCA LIMITADA,1,3
Matemáticas,BAQ,6,En aceleración,COLEGIO BOSTON FLEXIBLE,1,4
Matemáticas,BAQ,6,En aceleración,COLEGIO COLOMBO BRIGHTON,1,5
Matemáticas,BAQ,6,En aceleración,COLEGIO COLON,1,6
Matemáticas,BAQ,6,En aceleración,COLEGIO CRECER Y APRENDER,1,7
Matemáticas,BAQ,6,En aceleración,COLEGIO CRISTIANO J VENDER MURPHY,1,8
Matemáticas,BAQ,6,En aceleración,COLEGIO DE LA SAGRADA FAMILIA,1,9
Matemáticas,BAQ,6,En aceleración,COLEGIO DE MARIA AUXILIADORA,1,10
Matemáticas,BAQ,6,Avanzado,CENTRO DOCENTE NUESTRA SEÑORA DEL BUEN CONSEJO,1,1
Matemáticas,BAQ,6,Avanzado,COLEGIO AMERICANO DE BARRANQUILLA,1,2
Matemáticas,BAQ,6,Avanzado,COLEGIO CRECER Y APRENDER,1,3
Matemáticas,BAQ,6,Avanzado,COLEGIO DEL SAGRADO CORAZÓN,1,4
Matemáticas,BAQ,6,Avanzado,CORPORACION EDUCATIVA COLEGIO ITALIANO GALILEO GALILEI,1,5
Matemáticas,BAQ,6,Avanzado,INSTITUTO PARA EL DESARROLLO DEL POTENCIAL HUMANO CAMPESTRE BILINGUE IDPHU,1,6
Matemáticas,BAQ,7,Emergente,COLEGIO COLON,2,1
Matemáticas,BAQ,7,Emergente,CORPORACION EDUCATIVA COLEGIO ITALIANO GALILEO GALILEI,2,2
Matemáticas,BAQ,7,Emergente,CENTRO EDUCATIVO BOSTON INTERNACIONAL,1,3
Matemáticas,BAQ,7,Emergente,CENTRO EDUCATIVO PARA LA FORMACIÓN INTEGRAL CEFI,1,4
Matemáticas,BAQ,7,Emergente,COLEGIO AMERICANO DE BARRANQUILLA,1,5
Matemáticas,BAQ,7,Emergente,COLEGIO BIFFI LA SALLE,1,6
Matemáticas,BAQ,7,Emergente,COLEGIO LICEO DE CERVANTES,1,7
Matemáticas,BAQ,7,Emergente,COLEGIO NUESTRA SEÑORA DE NAZARETH,1,8
Matemáticas,BAQ,7,Emergente,INSTITUCIÓN EDUCATIVA DISTRITAL TÉCNICA JESUS MAESTRO,1,9
Matemáticas,BAQ,7,En aceleración,CENTRO EDUCATIVO BOSTON INTERNACIONAL,3,1
Matemáticas,BAQ,7,En aceleración,COLEGIO DE LA SAGRADA FAMILIA,3,2
Matemáticas,BAQ,7,En aceleración,CENTRO EDUCATIVO SAGRADO CORAZÓN DE JESUS,2,3
Matemáticas,BAQ,7,En aceleración,COLEGIO BIFFI LA SALLE,2,4
Matemáticas,BAQ,7,En aceleración,COLEGIO COLON,2,5
Matemáticas,BAQ,7,En aceleración,COLEGIO DEL SAGRADO CORAZÓN,2,6
Matemáticas,BAQ,7,En aceleración,COLEGIO METROPOLITANO DE SOLEDAD 2000 LTDA,2,7
Matemáticas,BAQ,7,En aceleración,COLEGIO SAN FRANCISCO,2,8
Matemáticas,BAQ,7,En aceleración,INSTITUTO DISTRITAL PARA EL DESARROLLO INTEGRAL NUEVA GRANADA,2,9
Matemáticas,BAQ,7,En aceleración,CENTRO DOCENTE NUESTRA SEÑORA DEL BUEN CONSEJO,1,10
Matemáticas,BAQ,7,Avanzado,COLEGIO COLON,2,1
Matemáticas,BAQ,7,Avanzado,CENTRO DOCENTE NUESTRA SEÑORA DEL BUEN CONSEJO,1,2
Matemáticas,BAQ,7,Avanzado,CENTRO EDUCATIVO BOSTON INTERNACIONAL,1,3
Matemáticas,BAQ,7,Avanzado,COLEGIO BIFFI LA SALLE,1,4
Matemáticas,BAQ,7,Avanzado,COLEGIO MONTERROSALES BILINGUE,1,5
Matemáticas,BAQ,7,Avanzado,COLEGIO PINAR DEL PRADO,1,6
Matemáticas,BAQ,8,Emergente,COLEGIO DEL SAGRADO CORAZÓN,3,1
Matemáticas,BAQ,8,Emergente,CORPORACION EDUCATIVA COLEGIO ITALIANO GALILEO GALILEI,2,2
Matemáticas,BAQ,8,Emergente,BIFFI LA SALLE,1,3
Matemáticas,BAQ,8,Emergente,CENTRO EDUCATIVO BILINGUE COLEGIO ANGLO AMERICANO,1,4
Matemáticas,BAQ,8,Emergente,CENTRO EDUCATIVO SAGRADO CORAZÓN DE JESUS,1,5
Matemáticas,BAQ,8,Emergente,COLEGIO BOSTON FLEXIBLE,1,6
Matemáticas,BAQ,8,Emergente,COLEGIO COLOMBO ESPANOL DE BARRANQUILLA,1,7
Matemáticas,BAQ,8,Emergente,COLEGIO EUCARISTICO DE LA MERCED,1,8
Matemáticas,BAQ,8,Emergente,COLEGIO MARIA AUXILIADORA NORTE,1,9
Matemáticas,BAQ,8,Emergente,COLEGIO MONTERROSALES CICLOS,1,10
Matemáticas,BAQ,8,En aceleración,COLEGIO AMERICANO DE BARRANQUILLA,5,1
Matemáticas,BAQ,8,En aceleración,CENTRO DOCENTE NUESTRA SEÑORA DEL BUEN CONSEJO,4,2
Matemáticas,BAQ,8,En aceleración,COLEGIO DEL SAGRADO CORAZÓN,4,3
Matemáticas,BAQ,8,En aceleración,COLEGIO SAN FRANCISCO,3,4
Matemáticas,BAQ,8,En aceleración,COLEGIO BOSTON FLEXIBLE,2,5
Matemáticas,BAQ,8,En aceleración,INNOVA SCHOOLS PORTAL DE GENOVÉS,2,6
Matemáticas,BAQ,8,En aceleración,COLEGIO COLOMBO ESPANOL DE BARRANQUILLA,1,7
Matemáticas,BAQ,8,En aceleración,COLEGIO COLON,1,8
Matemáticas,BAQ,8,En aceleración,COLEGIO HARFORD,1,9
Matemáticas,BAQ,8,En aceleración,COLEGIO LYNDON B JOHNSON,1,10
Matemáticas,BAQ,8,Avanzado,CENTRO EDUCATIVO BOSTON INTERNACIONAL,1,1
Matemáticas,BAQ,8,Avanzado,COLEGIO CRISTO REY,1,2
Matemáticas,BAQ,8,Avanzado,COLEGIO DE LA SAGRADA FAMILIA,1,3
Matemáticas,BAQ,8,Avanzado,COLEGIO LICEO DE CERVANTES,1,4
Matemáticas,BAQ,8,Avanzado,COLEGIO RETOS,1,5
Matemáticas,BAQ,8,Avanzado,COLEGIO SAN JOSE HERMANITAS DE LA ANUNCIACIÓN,1,6
Matemáticas,BAQ,8,Avanzado,IMMANUEL COLLAGE,1,7
Matemáticas,COT,3,Progreso limitado,COLEGIO MAYOR DE INGLATERRA,1,1
Matemáticas,COT,3,Progreso limitado,MINUTO DE DIOS SIGLO XXL,1,2
Matemáticas,COT,3,Emergente,COLEGIO ABRAHAM MASLOW,1,1
Matemáticas,COT,3,Emergente,COLEGIO BOSQUES DE SHERWOOD,1,2
Matemáticas,COT,3,Emergente,COLEGIO CONTINENTAL,1,3
Matemáticas,COT,3,Emergente,COLEGIO DIVINO SALVADOR,1,4
Matemáticas,COT,3,Emergente,GIMANCIO MODERNO HERMAN MULLER,1,5
Matemáticas,COT,3,Emergente,GIMNASIO BILINGUE EL BOSQUE,1,6
Matemáticas,COT,3,Emergente,GIMNASIO CAMPESTRE OXFORD,1,7
Matemáticas,COT,3,Emergente,GIMNASIO EL BOSQUE,1,8
Matemáticas,COT,3,Emergente,GIMNASIO EL HONTANAR,1,9
Matemáticas,COT,3,Emergente,GIMNASIO EL SHADDAI,1,10
Matemáticas,COT,3,En aceleración,COLEGIO COLOMBO GALES,1,1
Matemáticas,COT,3,En aceleración,COLEGIO DE LA PRESENTACION SANTA MARTA,1,2
Matemáticas,COT,3,En aceleración,COLEGIO NUESTRA SEÑORA DEL ROSARIO CAMPESTRE,1,3
Matemáticas,COT,3,En aceleración,COLEGIO PRINCIPADO DE MONACO,1,4
Matemáticas,COT,3,En aceleración,COLEGIO SANTO DOMINGO BILINGUE,1,5
Matemáticas,COT,3,En aceleración,NO APLICA POR SER COLEGIO OFICIAL,1,6
Matemáticas,COT,3,En aceleración,SOCIEDAD EDUCACIONAL GIMNASIO OXFORD SCHOOL LIMITADA,1,7
Matemáticas,COT,3,Avanzado,GIMNASIO DE LOS CERROS,1,1
Matemáticas,COT,3,Avanzado,GIMNASIO MODERNO EL BOSQUE,1,2
Matemáticas,COT,3,Avanzado,SEMINARIO MENOR DIOCESANO DE CHIQUINQUIRA,1,3
Matemáticas,COT,4,Progreso limitado,COLEGIO BILINGUE LERNER Y KLEIN,1,1
Matemáticas,COT,4,Progreso limitado,GIMNASIO CAMPESTRE IMAGINARTE,1,2
Matemáticas,COT,4,Emergente,COLEGIO BILINGUE SAN JUAN DE AVILA,1,1
Matemáticas,COT,4,Emergente,COLEGIO MAYOR DE INGLATERRA,1,2
Matemáticas,COT,4,Emergente,COLEGIO MONTEMOREL CHIA,1,3
Matemáticas,COT,4,Emergente,GIMNASIO BRITANICO,1,4
Matemáticas,COT,4,Emergente,GIMNASIO CAMPESTRE LOS SAUCES,1,5
Matemáticas,COT,4,Emergente,GIMNASIO CAMPESTRE SAN RAFAEL,1,6
Matemáticas,COT,4,Emergente,GIMNASIO INGLES CAMPESTRE,1,7
Matemáticas,COT,4,Emergente,GIMNASIO SENDEROS DE LUZ,1,8
Matemáticas,COT,4,Emergente,LICEO CAMPESTRE THOMAS DE IRIARTE,1,9
Matemáticas,COT,4,Emergente,SUMMEHILL SCHOOL,1,10
Matemáticas,COT,4,En aceleración,LICEO CAMPESTRE THOMAS DE IRIARTE,2,1
Matemáticas,COT,4,En aceleración,CELESTÍN FREINET SEDE NORTE,1,2
Matemáticas,COT,4,En aceleración,COLEGIO ABRAHAM MASLOW,1,3
Matemáticas,COT,4,En aceleración,COLEGIO COFREM,1,4
Matemáticas,COT,4,En aceleración,COLEGIO MAYOR ALFEREZ REAL,1,5
Matemáticas,COT,4,En aceleración,GIMNASIO SAN ANGELO,1,6
Matemáticas,COT,4,En aceleración,LICEO DE CINCIENCIA Y CULTURA HARVARD,1,7
Matemáticas,COT,4,En aceleración,LICEO FESAN,1,8
Matemáticas,COT,4,En aceleración,ZION SCHOOL,1,9
Matemáticas,COT,4,Avanzado,COLEGIO NUEVO CAMPESTRE,1,1
Matemáticas,COT,4,Avanzado,COLEGIO REFOUS ROLAND JEANGROS S.A.S,1,2
Matemáticas,COT,4,Avanzado,LICEO CAMPESTRE THOMAS DE IRIARTE,1,3
Matemáticas,COT,5,Progreso limitado,COLEGIO EL DIVINO NIÑO,1,1
Matemáticas,COT,5,Emergente,COLEGIO MAYOR DE INGLATERRA,2,1
Matemáticas,COT,5,Emergente,GIMNASIO CAMPESTRE OXFORD,2,2
Matemáticas,COT,5,Emergente,COLEGIO AGUSTÍN NIETO CABALLERO,1,3
Matemáticas,COT,5,Emergente,COLEGIO CAMPESTRE SAN CARLOS DE COTA,1,4
Matemáticas,COT,5,Emergente,COLEGIO GIMNASIO REINO DE CASTILLA,1,5
Matemáticas,COT,5,Emergente,COLEGIO NUESTRA SEÑORA DEL ROSARIO CAMPESTRE,1,6
Matemáticas,COT,5,Emergente,GEORGE WASHINGTON CAMPESTRE,1,7
Matemáticas,COT,5,Emergente,GIMNASIO CAMPESTRE SAN FRANCISCO DE SALES,1,8
Matemáticas,COT,5,Emergente,GIMNASIO LOS ANGELES,1,9
Matemáticas,COT,5,Emergente,GIMNASIO LOS ROBLES,1,10
Matemáticas,COT,5,En aceleración,CELESTIN FREINET TRILINGUE,1,1
Matemáticas,COT,5,En aceleración,CENTRO EDUCATIVO SCALAS,1,2
Matemáticas,COT,5,En aceleración,COLEGIO AGUSTÍN NIETO CABALLERO,1,3
Matemáticas,COT,5,En aceleración,COLEGIO BILINGUE LERNER Y KLEIN,1,4
Matemáticas,COT,5,En aceleración,COLEGIO CAMPESTRE PRINCIPADO DE MONACO,1,5
Matemáticas,COT,5,En aceleración,COLEGIO FONTAN CAPITAL,1,6
Matemáticas,COT,5,En aceleración,COLEGIO MONTERROSALES BILINGUE,1,7
Matemáticas,COT,5,En aceleración,FERVAN CAMPESTRE,1,8
Matemáticas,COT,5,En aceleración,GIMNASIO ACADÉMICO CERVANTES,1,9
Matemáticas,COT,5,En aceleración,GIMNASIO INGLES CAMPESTRE,1,10
Matemáticas,COT,5,Avanzado,COLEGIO GIMNASIO LOS ALAMOS,1,1
Matemáticas,COT,5,Avanzado,GIMNASIO JIREH,1,2
Matemáticas,COT,6,Progreso limitado,GP CREATIVE BILINGUAL SCHOOL GIMNASIO PSICOPEDAGICO,1,1
Matemáticas,COT,6,Emergente,COLEGIO AGUSTÍNIANO SUBA,1,1
Matemáticas,COT,6,Emergente,COLEGIO AMERICANO DE BOGOTÁ,1,2
Matemáticas,COT,6,Emergente,COLEGIO REFOUS,1,3
Matemáticas,COT,6,Emergente,GIMNASIO CAMPESTRE PARA LA EDUCACION INTEGRAL GICEI,1,4
Matemáticas,COT,6,Emergente,GIMNASIO CRISTIANO DE CUNDINAMARCA,1,5
Matemáticas,COT,6,Emergente,GIMNASIO LAS PALMAS,1,6
Matemáticas,COT,6,Emergente,GIMNASIO MODERNO GENERACION DEL FUTURO,1,7
Matemáticas,COT,6,Emergente,GIMNASIO WILLIAM MACKINLEY,1,8
Matemáticas,COT,6,Emergente,LICEO DE COLOMBIA BILINGUE,1,9
Matemáticas,COT,6,Emergente,MONTEVERDE,1,10
Matemáticas,COT,6,En aceleración,LICEO EDAD DE ORO,2,1
Matemáticas,COT,6,En aceleración,ABEKA ACADEMY,1,2
Matemáticas,COT,6,En aceleración,CELESTIN FREINET SEDE NORTE,1,3
Matemáticas,COT,6,En aceleración,CENTRO EDUCATIVO LOMBARDIA,1,4
Matemáticas,COT,6,En aceleración,COLEGIO CANAPRO,1,5
Matemáticas,COT,6,En aceleración,COLEGIO ITEC,1,6
Matemáticas,COT,6,En aceleración,COLEGIO PROVINMA,1,7
Matemáticas,COT,6,En aceleración,GIMNASIO CAMPESTRE OXFORD,1,8
Matemáticas,COT,6,En aceleración,GIMNASIO WILLIAM MACKINLEY,1,9
Matemáticas,COT,6,En aceleración,LICEO DE LOS ANDES,1,10
Matemáticas,COT,6,Avanzado,COLEGIO COLSUBSIDIO CIUDADELA,1,1
Matemáticas,COT,6,Avanzado,CONCENTRACIÓN URBANA CAMILO TORRES,1,2
Matemáticas,COT,6,Avanzado,GIMNASIO CAMPESTRE SAN FRANCISCO DE SALES,1,3
Matemáticas,COT,6,Avanzado,GIMNASIO KAIPORÉ CENTRO DE DESARROLLO TEMPRANO,1,4
Matemáticas,COT,6,Avanzado,LICEO CAMPESTRE MONTPELLIER,1,5
Matemáticas,COT,6,Avanzado,LICEO SAN BASILIO MAGNO,1,6
Matemáticas,COT,6,Avanzado,WESLEYANO DEL NORTE,1,7
Matemáticas,COT,7,Emergente,COLEGIO LUIS MARIANO,1,1
Matemáticas,COT,7,Emergente,COLEGIO MARIA AUXILIADORA CHIA,1,2
Matemáticas,COT,7,Emergente,COLEGIO NUESTRA SEÑORA DEL ROSARIO CAMPESTRE,1,3
Matemáticas,COT,7,Emergente,COLEGIO PSICOPEDAGÓGICO CAMPESTRE,1,4
Matemáticas,COT,7,Emergente,COLEGIO REFOUS,1,5
Matemáticas,COT,7,Emergente,GIMNASIO CAMPESTRE LOS ALISOS,1,6
Matemáticas,COT,7,Emergente,INSTITUCIÓN EDUCATIVA DEPARTAMENTAL ENRIQUE PARDO P,1,7
Matemáticas,COT,7,Emergente,LICEO PSICOPEDAGÓGICO DECROLY,1,8
Matemáticas,COT,7,En aceleración,LICEO CAMPESTRE THOMAS DE IRIARTE,3,1
Matemáticas,COT,7,En aceleración,COLEGIO MONTEMOREL,2,2
Matemáticas,COT,7,En aceleración,CELESTIN FREINET SEDE TRILINGUE,1,3
Matemáticas,COT,7,En aceleración,COLEGIO BILINGÜE SAN JUAN DE ÁVILA,1,4
Matemáticas,COT,7,En aceleración,COLEGIO CAMPESTRE MONTECERVINO,1,5
Matemáticas,COT,7,En aceleración,COLEGIO CAMPESTRE PRINCIPADO DE MONACO,1,6
Matemáticas,COT,7,En aceleración,COLEGIO MARIA AUXILIADORA CHIA,1,7
Matemáticas,COT,7,En aceleración,COLEGIO NUEVA YORK,1,8
Matemáticas,COT,7,En aceleración,COLEGIO NUEVO CAMPESTRE,1,9
Matemáticas,COT,7,En aceleración,COLEGIO PSICOPEDAGÓGICO CAMPESTRE,1,10
Matemáticas,COT,7,Avanzado,CENTRO EDUCATIVO SCALAS,1,1
Matemáticas,COT,7,Avanzado,COLEGIO BILINGÜE EL BOSQUE,1,2
Matemáticas,COT,7,Avanzado,GIMNASIO HONTANAR,1,3
Matemáticas,COT,7,Avanzado,LICEO CAMPESTRE THOMAS DE IRIARTE,1,4
Matemáticas,COT,8,Emergente,LICEO CAMPESTRE THOMAS DE IRIARTE,2,1
Matemáticas,COT,8,Emergente,CELESTIN FREINET SEDE NORTE COTA,1,2
Matemáticas,COT,8,Emergente,COLEGIO BILINGÜE MAXIMINO POITIERS,1,3
Matemáticas,COT,8,Emergente,COLEGIO MARÍA INMACULADA SCHOLL,1,4
Matemáticas,COT,8,Emergente,COLEGIO MONTEMOREL,1,5
Matemáticas,COT,8,Emergente,COLEGIO MONTERROSALES CICLOS,1,6
Matemáticas,COT,8,Emergente,COLEGIO PIERRE DE FERMAT,1,7
Matemáticas,COT,8,Emergente,COLEGIO SUPERIOR AMERICANO SAS,1,8
Matemáticas,COT,8,Emergente,GIMNASIO CAMPESTRE VALSENALES,1,9
Matemáticas,COT,8,Emergente,GIMNASIO CRISTIANO JIREH,1,10
Matemáticas,COT,8,En aceleración,COLEGIO AUSTRALIANO CAMPESTRE,1,1
Matemáticas,COT,8,En aceleración,COLEGIO EL MINUTO DE DIOS,1,2
Matemáticas,COT,8,En aceleración,COLEGIO MONTERROSALES CICLOS,1,3
Matemáticas,COT,8,En aceleración,COLEGIO REFOUS,1,4
Matemáticas,COT,8,En aceleración,COLEGIO REOFUS,1,5
Matemáticas,COT,8,En aceleración,COLEGIO UNICAB VIRTUAL,1,6
Matemáticas,COT,8,En aceleración,ESCUELA PEDAGOGICA EXPERIMENTAL,1,7
Matemáticas,COT,8,En aceleración,ESCUELA PEDAGÓGICA EXPERIMENTAL,1,8
Matemáticas,COT,8,En aceleración,GIMASIO CAMPESTRE ESCALEMOS,1,9
Matemáticas,COT,8,En aceleración,GIMNASIO CAMPESTRE EDUCACIÓN DINÁMICA,1,10
Matemáticas,COT,8,Avanzado,COLEGIO ABRAHAM MASLOW,1,1
Matemáticas,COT,8,Avanzado,COLEGIO REFOUS,1,2
Matemáticas,COT,8,Avanzado,CORAZONISTA,1,3
Matemáticas,COT,9,Emergente,COLEGIO BILINGUE JOSE MAX LEON,1,1
Matemáticas,COT,9,Emergente,COLEGIO EUCARÍSTICO VILLA GUADALUPE,1,2
Matemáticas,COT,9,Emergente,COLEGIO NUESTRA SEÑORA DE NAZARETH,1,3
Matemáticas,COT,9,Emergente,COLEGIO NUESTRA SEÑORA DEL ROSARIO CAMPESTRE,1,4
Matemáticas,COT,9,Emergente,FORTALEZA CEIF WILLIAM MACKINLEY,1,5
Matemáticas,COT,9,Emergente,GIMNASIO CAMPESTRE OXFORD,1,6
Matemáticas,COT,9,En aceleración,"ABEKA HOMESCHOOL ( PENSACOLA - FLORIDA, ESTADOS UN",1,1
Matemáticas,COT,9,En aceleración,COLEGIO AGUSTINIANO CIUDAD SALITRE,1,2
Matemáticas,COT,9,En aceleración,COLEGIO CAMPESTRE MAYOR DE INGLATERRA,1,3
Matemáticas,COT,9,En aceleración,COLEGIO CAMPESTRE MONTECERVINO,1,4
Matemáticas,COT,9,En aceleración,COLEGIO CAMPESTRE SAN CARLOS DE COTA,1,5
Matemáticas,COT,9,En aceleración,COLEGIO EL MINUTO DE DIOS,1,6
Matemáticas,COT,9,En aceleración,COLEGIO MAYOR JOSE CELESTINO MUTIS,1,7
Matemáticas,COT,9,En aceleración,COLEGIO MAYOR JOSÉ CELESTINO MUTIS,1,8
Matemáticas,COT,9,En aceleración,GIMNACIO CAMPESTRE SAN FRANCISCO DE SALES,1,9
Matemáticas,COT,9,En aceleración,GIMNASIO CAMPESTRE SAN FRANCISCO DE SALES,1,10
Matemáticas,COT,9,Avanzado,COLEGIO BILING OXFORD,1,1
Matemáticas,COT,9,Avanzado,COLEGIO BILINGUE JOSE MAX LEON,1,2
Matemáticas,COT,9,Avanzado,COLEGIO NUESTRA SEÑORA DEL ROSARIO CAMPESTRE,1,3
Matemáticas,COT,9,Avanzado,GIMNASIO EL HONTANAR,1,4
Matemáticas,COT,9,Avanzado,GIMNASIO SAN ANGELO,1,5
Matemáticas,COT,9,Avanzado,LICEO CAMPESTRE THOMAS DE IRIARTE,1,6
Matemáticas,COT,9,Avanzado,LICEO DEL CARIBE,1,7
Matemáticas,COT,9,Avanzado,PROYECTO EDUCATIVO FORTALEZA CEIF,1,8
Matemáticas,COT,9,Avanzado,SUMMEHILL SCHOOL,1,9
Matemáticas,COT,9,Avanzado,SUMMER HILL SCHOOL,1,10
Matemáticas,COT,10,Progreso limitado,COLEGIO CANAPRO,1,1
Matemáticas,COT,10,Progreso limitado,COLEGIO NUESTRA SEÑORA DEL ROSARIO CAMPESTRE,1,2
Matemáticas,COT,10,Progreso limitado,GIMNASIO LOS ANGELES,1,3
Matemáticas,COT,10,Progreso limitado,MINUTO DE DIOS SIGLO XXI,1,4
Matemáticas,COT,10,Emergente,LICEO DE LOS ANDES,3,1
Matemáticas,COT,10,Emergente,LICEO CAMPESTRE THOMAS DE IRIARTE,2,2
Matemáticas,COT,10,Emergente,AUSTRALIANO CAMPESTRE BILINGUE,1,3
Matemáticas,COT,10,Emergente,COLEGIO REFOUS,1,4
Matemáticas,COT,10,Emergente,GIMNASIO CAMPESTRE OXFORD,1,5
Matemáticas,COT,10,Emergente,GIMNASIO LOS ARRAYANES,1,6
Matemáticas,COT,10,Emergente,MONTEHELENA BILINGUAL SCHOOL,1,7
Matemáticas,COT,10,Emergente,SOCIEDAD EDUCATIVA LICEO DE LOS ANDES,1,8
Matemáticas,COT,10,Emergente,ULCA,1,9
Matemáticas,COT,10,En aceleración,COLEGIO ABRAHAM MASLOW,1,1
Matemáticas,COT,10,En aceleración,COLEGIO PADRE MANYANET CHIA,1,2
Matemáticas,COT,10,En aceleración,COLEGIO SUPERIOR AMERICANO,1,3
Matemáticas,COT,10,En aceleración,GIMNASIO CAMPESTRE LOS SAUCES,1,4
Matemáticas,COT,10,En aceleración,GIMNASIO CAMPESTRE OXFORD,1,5
Matemáticas,COT,10,En aceleración,SUMERHILL SCHOOL,1,6
Matemáticas,MOS,3,Progreso limitado,ALFREND BINED,1,1
Matemáticas,MOS,3,Progreso limitado,COLEGIO BILINGÜE JEAN FRITZ PIAGET,1,2
Matemáticas,MOS,3,Progreso limitado,COLEGIO PARROQUIAL BILINGÜE SANTA ISABEL DE HUNGRIA,1,3
Matemáticas,MOS,3,Progreso limitado,EL PRADITO,1,4
Matemáticas,MOS,3,Progreso limitado,LICEO CAMPESTRE EL BOSQUE,1,5
Matemáticas,MOS,3,Progreso limitado,LICEO MATOVELLE,1,6
Matemáticas,MOS,3,Emergente,COLEGIO ADORABLE INFANCIA,1,1
Matemáticas,MOS,3,Emergente,COLEGIO HAPPY KIDS,1,2
Matemáticas,MOS,3,Emergente,COLEGIO NUEVA INGLATERRA MOSQUERA,1,3
Matemáticas,MOS,3,Emergente,COLEGIO SAGRADOS CORAZONES,1,4
Matemáticas,MOS,3,Emergente,GIMNASIO INFANTIL CRAYOLA,1,5
Matemáticas,MOS,3,Emergente,KINDERGARGEN MAMARRACHOS,1,6
Matemáticas,MOS,3,Emergente,LICEO INTEGRADO ABC,1,7
Matemáticas,MOS,3,Emergente,LICEO NUESTRA SEÑORA DE LAS NIEVES,1,8
Matemáticas,MOS,3,Emergente,PEQUEÑOS PESCADORES,1,9
Matemáticas,MOS,3,Emergente,SAN GABRIEL KINDERGARTEN,1,10
Matemáticas,MOS,3,En aceleración,COLEGIO CAMPESTRE SAN DIEGO,1,1
Matemáticas,MOS,3,En aceleración,COLEGIO CRISTIANO INTEGRAL DE FUNZA,1,2
Matemáticas,MOS,3,En aceleración,COLEGIO LICEO SANTA PAULA,1,3
Matemáticas,MOS,3,En aceleración,GIMNASIO INDOAMERICANO,1,4
Matemáticas,MOS,3,En aceleración,INSTITUCIÓN EDUCATIVA  DEP. MARÍA TERESA ORTIZ,1,5
Matemáticas,MOS,3,En aceleración,INSTITUCIÓN EDUCATIVA EL PRADITO,1,6
Matemáticas,MOS,3,En aceleración,INSTITUTO ALBERT EINSTEIN,1,7
Matemáticas,MOS,3,En aceleración,JARDIN INFANTIL LA GRAN ESTACION,1,8
Matemáticas,MOS,3,En aceleración,JARDIN INFANTIL LA MAGIA DE CRECER,1,9
Matemáticas,MOS,3,En aceleración,LICEO CAMPESTRE EL BOSQUE,1,10
Matemáticas,MOS,3,Avanzado,COLEGIO COMFACESAR,1,1
Matemáticas,MOS,3,Avanzado,COLEGIO PEDAGÓGICO INGLES,1,2
Matemáticas,MOS,3,Avanzado,GIMNASIO GREEN HILLS,1,3
Matemáticas,MOS,3,Avanzado,GIMNASIO RACHEL CARSON,1,4
Matemáticas,MOS,3,Avanzado,INNOVA SCHOOLS,1,5
Matemáticas,MOS,3,Avanzado,INSTITUTO DIVERSIFICADO ALBERT,1,6
Matemáticas,MOS,3,Avanzado,MI CASITA DE CAMPO,1,7
Matemáticas,MOS,4,Progreso limitado,COLEGIO FINLANDES JUAN PABLO SEGUNDO,1,1
Matemáticas,MOS,4,Progreso limitado,INSTITUTO SAN BERNARDO DE LA SALLE,1,2
Matemáticas,MOS,4,Emergente,CENTRO EDUCATIVO ABRIENDO CAMINOS BILINGUE,1,1
Matemáticas,MOS,4,Emergente,COLEGIO AMERICANO DE BOGOTA,1,2
Matemáticas,MOS,4,Emergente,COLEGIO FINLANDES JUAN PABLO II,1,3
Matemáticas,MOS,4,Emergente,COLEGIO INGLES NUEVA INGLATERRA,1,4
Matemáticas,MOS,4,Emergente,COLEGIO INTEGRACIÓN MODERNA CIM SCHOOL,1,5
Matemáticas,MOS,4,Emergente,ESCUELA RURAL DEPARTAMENTAL PALOQUEMAO,1,6
Matemáticas,MOS,4,Emergente,INNOVA MOSQUERA,1,7
Matemáticas,MOS,4,Emergente,INNOVA SCHOOLS,1,8
Matemáticas,MOS,4,Emergente,INSTITUTO PSICOPEDAGÓGICO EL CALPULLI,1,9
Matemáticas,MOS,4,Emergente,LICEO CAMPESTRE DE FACATATIVÁ,1,10
Matemáticas,MOS,4,En aceleración,COLEGIO DE LOS ANDES,1,1
Matemáticas,MOS,4,En aceleración,GIMNASIO COLOMBO ANDINO,1,2
Matemáticas,MOS,4,En aceleración,INNOVA SCHOOLS,1,3
Matemáticas,MOS,4,En aceleración,INNOVA SCHOOLS HOME,1,4
Matemáticas,MOS,4,En aceleración,INSTITUTO RENATO DESCARTES,1,5
Matemáticas,MOS,4,En aceleración,LICEO CAMPESTRE EL BOSQUE,1,6
Matemáticas,MOS,4,En aceleración,LICEO DE LOS ALPES,1,7
Matemáticas,MOS,4,En aceleración,LICEO SIMÓN BOLÍVAR,1,8
Matemáticas,MOS,4,En aceleración,"LICEOS DEL EJERCITO, LICEO PATRIA",1,9
Matemáticas,MOS,4,En aceleración,MIGUEL ANTONIO CARO,1,10
Matemáticas,MOS,4,Avanzado,COLEGIO COOPERATIVO REYES PATRIA,1,1
Matemáticas,MOS,4,Avanzado,COLEGIO SAGRADOS CORAZONES DE MADRID,1,2
Matemáticas,MOS,4,Avanzado,LICEO CAMPESTRE THOMA DE IIRIARTE,1,3
Matemáticas,MOS,5,Progreso limitado,COLEGIO AMERICANO DE BOGOTA,1,1
Matemáticas,MOS,5,Progreso limitado,COLEGIO BILINGÜE PIO XII CAMPESTRE,1,2
Matemáticas,MOS,5,Progreso limitado,COLEGIO MONTERROSALES CICLOS,1,3
Matemáticas,MOS,5,Progreso limitado,COLEGIO SANTA LUISA,1,4
Matemáticas,MOS,5,Progreso limitado,IDIM,1,5
Matemáticas,MOS,5,Emergente,ANTONIO VAN UDEN,1,1
Matemáticas,MOS,5,Emergente,COLEGIO MAYOR DE SAN BARTOLOME,1,2
Matemáticas,MOS,5,Emergente,COLEGIO NUESTRA SEÑORA DE LA SABIDURÍA,1,3
Matemáticas,MOS,5,Emergente,COLEGIO SAN PEDRO,1,4
Matemáticas,MOS,5,Emergente,COLEGIO SUPERIOR AMERICANO,1,5
Matemáticas,MOS,5,Emergente,GIMNASIO GREEN HILLS,1,6
Matemáticas,MOS,5,Emergente,INNOVA SCHOOLS,1,7
Matemáticas,MOS,5,Emergente,LICEO CAMPESTRE EL BOSQUE,1,8
Matemáticas,MOS,5,Emergente,SUMMEHILL SCHOOL,1,9
Matemáticas,MOS,5,En aceleración,COLEGIO GIMNASIO CAMBRIDGE,1,1
Matemáticas,MOS,5,En aceleración,COLEGIO PEDAGÓGICO INGLES,1,2
Matemáticas,MOS,5,En aceleración,COLEGIO TECNOLOGICO DE SUBA,1,3
Matemáticas,MOS,5,En aceleración,FUNDACIÓN GINMASION LOS SAUCES,1,4
Matemáticas,MOS,5,En aceleración,GIMNASIO CAMPESTRE LOS SAUCES,1,5
Matemáticas,MOS,5,En aceleración,INNOVA SCHOOLS,1,6
Matemáticas,MOS,5,En aceleración,INSTITUCIÓN EDUCATIVA GENERAL ENRIQUE CAICEDO,1,7
Matemáticas,MOS,5,En aceleración,INSTITUTO PEDAGOGICO NACIONAL,1,8
Matemáticas,MOS,5,En aceleración,LICEO LOS ALCÁZARES,1,9
Matemáticas,MOS,5,En aceleración,LICEO SEGOVIA,1,10
Matemáticas,MOS,6,Emergente,INNOVA SCHOOLS,2,1
Matemáticas,MOS,6,Emergente,COLEGIO BILINGUE CIUDAD MONTES,1,2
Matemáticas,MOS,6,Emergente,COLEGIO BILINGÜE LERNER & KLEIN,1,3
Matemáticas,MOS,6,Emergente,COLEGIO CIUDAD PATIO BONITO,1,4
Matemáticas,MOS,6,Emergente,COLEGIO DE LA UNIVERSIDAD LIBRE,1,5
Matemáticas,MOS,6,Emergente,COLEGIO NUESTRA SEÑORA DEL ROSARIO FUNZA,1,6
Matemáticas,MOS,6,Emergente,GIMNASIO BRITANICO SAS,1,7
Matemáticas,MOS,6,Emergente,GIMNASIO FORMADORES DE EXCELENCIA EMPRENDIMIENTO Y LIDERAZGO FEEL,1,8
Matemáticas,MOS,6,Emergente,GIMNASIO PEDAGÓGICO NOVA ESTRELLA,1,9
Matemáticas,MOS,6,Emergente,INSTITUCIÓN EDUCATIVA LA PRIMAVERA,1,10
Matemáticas,MOS,6,En aceleración,INNOVA SCHOOLS,2,1
Matemáticas,MOS,6,En aceleración,CENTRO LESTONNAC COMPAÑIA DE MARIA,1,2
Matemáticas,MOS,6,En aceleración,COLEGIO COLOMBO INGLES DEL HUILA Y CIA LTDA,1,3
Matemáticas,MOS,6,En aceleración,COLEGIO INGLES NUEVA INGLATERRA,1,4
Matemáticas,MOS,6,En aceleración,COLEGIO MONTE ROSALES,1,5
Matemáticas,MOS,6,En aceleración,COLEGIO NAVAL,1,6
Matemáticas,MOS,6,En aceleración,COLEGIO SANTA LUISA,1,7
Matemáticas,MOS,6,En aceleración,GIMNASIO BILINGÜE CAMPESTRE MARIE CURIE,1,8
Matemáticas,MOS,6,En aceleración,GIMNASIO CONTEMPORANEO MOTESSORI,1,9
Matemáticas,MOS,6,En aceleración,GIMNASIO FEEL,1,10
Matemáticas,MOS,6,Avanzado,COLEGIO NUESTRA SEÑORA DE NAZARETH,1,1
Matemáticas,MOS,6,Avanzado,COLEGIO PEDAGÓGICO INGLES,1,2
Matemáticas,MOS,6,Avanzado,GIMNASIO NUEVO MODELIA,1,3
Matemáticas,MOS,6,Avanzado,INST. EDU. DEPTAL. MARÍA TERESA ORTÍZ,1,4
Matemáticas,MOS,6,Avanzado,INSTITUCIÓN EDUCATIVA NOGALES COUNTRY SCHOOL,1,5
Matemáticas,MOS,6,Avanzado,LICEO LORENS,1,6
Matemáticas,MOS,6,Avanzado,LICEO MODERNO IMCREA,1,7
Matemáticas,MOS,6,Avanzado,LICEO PEDAGÓGICO CUNDINAMARCA,1,8
Matemáticas,MOS,7,Progreso limitado,COLEGIO BOLIVAR,1,1
Matemáticas,MOS,7,Progreso limitado,GIMNASIO CRISTIANO DE CUNDINAMARCA,1,2
Matemáticas,MOS,7,Emergente,COLEGIO DE LA UNIVERSIDAD LIBRE,1,1
Matemáticas,MOS,7,Emergente,COLEGIO EL MINUTO DE DIOS,1,2
Matemáticas,MOS,7,Emergente,COLEGIO MONTERROSALES CICLOS,1,3
Matemáticas,MOS,7,Emergente,COLEGIO SANTA ANA DE FONTIBON SAS,1,4
Matemáticas,MOS,7,Emergente,COLEGIO VIÑA DEL MAR,1,5
Matemáticas,MOS,7,Emergente,GIMNASIO REAL DE LA SABANA,1,6
Matemáticas,MOS,7,Emergente,INNOVA SCHOOL,1,7
Matemáticas,MOS,7,Emergente,LICEO CAMPESTRE NUEVO PACTO,1,8
Matemáticas,MOS,7,Emergente,LICEO LAS BRISAS,1,9
Matemáticas,MOS,7,Emergente,LICEO MAYOR ANDINO,1,10
Matemáticas,MOS,7,En aceleración,INSTITUTO DIVERSIFICADO ALBERT EINSTEIN,3,1
Matemáticas,MOS,7,En aceleración,COLEGIO CAFAM,1,2
Matemáticas,MOS,7,En aceleración,COLEGIO CAFETAL BILINGUE,1,3
Matemáticas,MOS,7,En aceleración,COLEGIO DISTRITAL SAN JOSE DE CASTILLA,1,4
Matemáticas,MOS,7,En aceleración,COLEGIO MIXTO DE INTEGRACIÓN MODERNA,1,5
Matemáticas,MOS,7,En aceleración,COLEGIO TERESITA DE LISEUX,1,6
Matemáticas,MOS,7,En aceleración,GIMNASIO CAMPESTRE LOS ARRAYANES,1,7
Matemáticas,MOS,7,En aceleración,INJUV,1,8
Matemáticas,MOS,7,En aceleración,INNOVA SCHOOLS HOME,1,9
Matemáticas,MOS,7,En aceleración,INSTITUCIÓN EDUCATIVA NOGALES COUNTRY SCHOOL,1,10
Matemáticas,MOS,7,Avanzado,COLEGIO MAYOR DE INGLATERRA,1,1
Matemáticas,MOS,7,Avanzado,COLEGIO SICOPEDAGÓGICO DE FONTIBÓN,1,2
Matemáticas,MOS,7,Avanzado,ESCUELA RURAL DEPARTAMENTAL PALOQUEMAO,1,3
Matemáticas,MOS,7,Avanzado,INSTITUTO DIVERSIFICADO ALBERT EINSTEIN- SAET LTDA,1,4
Matemáticas,MOS,7,Avanzado,LICEO HACIENDA CASA BLANCA,1,5
Matemáticas,MOS,7,Avanzado,MIMOSITOS LICEO INFANTIL,1,6
Matemáticas,MOS,8,Emergente,COLEGIO DE FORMACION INTEGRAL SEMBRADORES DE PAZ,1,1
Matemáticas,MOS,8,Emergente,COLEGIO GIOVANNI ANTONIO FARINA,1,2
Matemáticas,MOS,8,Emergente,COLEGIO SAGRADOS CORAZONES DE MONQUERA,1,3
Matemáticas,MOS,8,Emergente,COLEGIO SAN JOSE,1,4
Matemáticas,MOS,8,Emergente,COLEGIO TALLER PSICOPEDAGÓGICO DE LOS ANDES,1,5
Matemáticas,MOS,8,Emergente,GIMNASIO CAMPESTRE VALSENALES,1,6
Matemáticas,MOS,8,Emergente,GIMNASIO INDOAMERICANO,1,7
Matemáticas,MOS,8,Emergente,INSTITUTO COMERCIAL LORETO SEDE CASTILLA,1,8
Matemáticas,MOS,8,Emergente,INSTITUTO PEDAGÓGICO NUESTRA SEÑORA DEL PILAR,1,9
Matemáticas,MOS,8,Emergente,LICEO HACIENDA CASABLANCA,1,10
Matemáticas,MOS,8,En aceleración,GIMNASIO CRISTIANO DE CUNDINAMARCA,2,1
Matemáticas,MOS,8,En aceleración,COLEGIO BILINGUE SAN JUAN DE DIOS,1,2
Matemáticas,MOS,8,En aceleración,COLEGIO CAMPESTRE SAN NICOLAS DE TOLENTINO,1,3
Matemáticas,MOS,8,En aceleración,COLEGIO INSTITUTO TÉCNICO INTERNACIONAL INSTITUCIÓN EDUCATIVA DISTRITAL,1,4
Matemáticas,MOS,8,En aceleración,COLEGIO NUESTRA SEÑORA DEL ROSARIO FUNZA,1,5
Matemáticas,MOS,8,En aceleración,COLEGIO SALESIANO SAN JOSÉ MOSQUERA,1,6
Matemáticas,MOS,8,En aceleración,COLEGIO SUPERIOR AMERICANO,1,7
Matemáticas,MOS,8,En aceleración,COLEGIO VATICANO,1,8
Matemáticas,MOS,8,En aceleración,FREINETSKOLAN MIMER,1,9
Matemáticas,MOS,8,En aceleración,GIMNASIO BILINGUE CAMPESTRE MARIE CURIE,1,10
Matemáticas,MOS,8,Avanzado,GIMNASIO CULTURAL EL ARTE DEL FUTURO,1,1
Matemáticas,MOS,8,Avanzado,GIMNASIO GREEN HILLS,1,2
Matemáticas,MOS,8,Avanzado,LICEO CAMPESTRE FACATATIVÁ,1,3
Matemáticas,MOS,9,Emergente,COLEGIO BILINGUE MAXIMINO POITIERS,1,1
Matemáticas,MOS,9,Emergente,COLEGIO SAN PEDRO,1,2
Matemáticas,MOS,9,Emergente,COLEGIO SANTA ANGELA MERICI,1,3
Matemáticas,MOS,9,Emergente,GIMNASIO MODERNO SAN FRANCISCO EL TINTAL,1,4
Matemáticas,MOS,9,Emergente,JAIRO MOSQUERA MORENO SECUNDARIA Y MEDIA,1,5
Matemáticas,MOS,9,Emergente,LICEO HACIENDA CASABLANCA MINUTOS DE DIOS,1,6
Matemáticas,MOS,9,En aceleración,COLEGIO DE FORMACIÓN INTEGRAL MUNDO NUEVO,1,1
Matemáticas,MOS,9,En aceleración,COLEGIO LA PRESENTACIÓN,1,2
Matemáticas,MOS,9,En aceleración,COLEGIO MILITAR CORONEL JUAN JOSE RONDON,1,3
Matemáticas,MOS,9,En aceleración,COLEGIO NUESTRA SEÑORA DEL ROSARIO,1,4
Matemáticas,MOS,9,En aceleración,GIMNASIO REAL DE LA SABANA,1,5
Matemáticas,MOS,9,En aceleración,INSTITUCIÓN EDUCATIVA DEPARTAMENTAL FIDEL LEON TRIANA,1,6
Matemáticas,MOS,9,En aceleración,INSTITUTO INFANTIL Y JUVENIL INJUV,1,7
Matemáticas,MOS,9,En aceleración,INSTITUTO RENATO DESCARTES,1,8
Matemáticas,MOS,9,En aceleración,LA FRATERNIDAD,1,9
Matemáticas,MOS,9,En aceleración,LICEO LATINO AMERICANO,1,10
Matemáticas,MOS,9,Avanzado,EL GIMNASIO CAMPESTRE DEL RODADERO S.A.S,1,1
Matemáticas,MOS,9,Avanzado,INNOVA SCHOOL,1,2
Matemáticas,MOS,9,Avanzado,MIGUEL ANTONIO CARO,1,3
Matemáticas,MOS,10,Progreso limitado,INNOVA SCHOOLS,1,1
Matemáticas,MOS,10,Emergente,COLEGIO FRANCISCO JOSÉ DE CALDAS,1,1
Matemáticas,MOS,10,Emergente,GIMNASIO LOS ROBLES,1,2
Matemáticas,MOS,10,Emergente,INNOVA HOME,1,3
Matemáticas,MOS,10,Emergente,INSTITUTO COOPERATIVO AGROINDUSTRIAL HERNAN ECHAVARRIA OLOZAGA,1,4
Matemáticas,MOS,10,Emergente,INSTITUTO SALESIANO SAN JOSE,1,5
Matemáticas,MOS,10,Emergente,NUEVO COLEGIO SAN JUAN BAUTISTA,1,6
Matemáticas,MOS,10,En aceleración,LICEO CAMPESTRE THOMAS DE IRIARTE,2,1
Matemáticas,MOS,10,En aceleración,CEHO,1,2
Matemáticas,MOS,10,En aceleración,COLEGIO MINUTO DE DIOS CIUDAD VERDE,1,3
Matemáticas,MOS,10,En aceleración,INNOVA SCHOOLS MOSQUERA,1,4
Matemáticas,MOS,10,En aceleración,LICEO SIMÓN BOLÍVAR,1,5
Matemáticas,TUN,3,Progreso limitado,AMERICAN SCHOOL SAINT FRANCES,1,1
Matemáticas,TUN,3,Progreso limitado,PREESCOLAR LA CASITA DEL SABER,1,2
Matemáticas,TUN,3,Emergente,ABRAHAM LINCOLN SCHOOL,1,1
Matemáticas,TUN,3,Emergente,COLEGIO ANDINO DE TUNJA,1,2
Matemáticas,TUN,3,Emergente,COLEGIO LUIS MARIA DE MONFORT PAIPA,1,3
Matemáticas,TUN,3,Emergente,COLEGIO MUNDO MAGICO,1,4
Matemáticas,TUN,3,Emergente,COLEGIO SAN VIATOR DE TUNJA,1,5
Matemáticas,TUN,3,Emergente,GIMNASIO INFANTIL RAFAEL POMBO,1,6
Matemáticas,TUN,3,Emergente,GIMNASIO MODERNO LOS PINOS SAS,1,7
Matemáticas,TUN,3,Emergente,GIMNASIO NEWCASTLE,1,8
Matemáticas,TUN,3,Emergente,GIMNASIO VILLA FONTANA,1,9
Matemáticas,TUN,3,Emergente,INSTITUCIÓN EDUCATIVA COUNTRY BILINGUAL SCHOOL,1,10
Matemáticas,TUN,3,En aceleración,LA CASITA DE ROSITA,2,1
Matemáticas,TUN,3,En aceleración,COLEGIO CANADIANN SCHOOL RIVERA,1,2
Matemáticas,TUN,3,En aceleración,COLEGIO COOPERATIVO,1,3
Matemáticas,TUN,3,En aceleración,COLEGIO DE LA PRESENTACION TUNJA,1,4
Matemáticas,TUN,3,En aceleración,COLEGIO LOS ANGELES,1,5
Matemáticas,TUN,3,En aceleración,GIMNACIO VILLA FONTANA,1,6
Matemáticas,TUN,3,En aceleración,GIMNASIO GALILEO GALILEI,1,7
Matemáticas,TUN,3,En aceleración,GIMNASIO NEW CASTLE,1,8
Matemáticas,TUN,3,En aceleración,GIMNASIO VILLA FONTANA,1,9
Matemáticas,TUN,3,En aceleración,INSTITUCIÓN EDUCATIVA MANUEL ANTONIO FLOREZ,1,10
Matemáticas,TUN,3,Avanzado,COLEGIO NUEVA GRANADA,1,1
Matemáticas,TUN,3,Avanzado,GIMNASIO PEDAGOGICO HADAS Y DUENDES,1,2
Matemáticas,TUN,4,Progreso limitado,COLEGIO DE LA PRESENTACIÓN,1,1
Matemáticas,TUN,4,Emergente,AMERICAN SHOOLS ALFONSO DUNANT,1,1
Matemáticas,TUN,4,Emergente,COLEGIO ANDINO DE TUNJA,1,2
Matemáticas,TUN,4,Emergente,COLEGIO NUEVA INGLATERRA CAMPESTRE,1,3
Matemáticas,TUN,4,Emergente,GIMNASIO PEDAGÓGICO HADAS Y DUENDES,1,4
Matemáticas,TUN,4,Emergente,JEFFERSON ELEMENTARY SCHOOL,1,5
Matemáticas,TUN,4,Emergente,LICEO PSICOPEDAGOGICO BOLIVIA,1,6
Matemáticas,TUN,4,Emergente,LOS ANGELES,1,7
Matemáticas,TUN,4,Emergente,SAINT NOCOLAS SCHOOL,1,8
Matemáticas,TUN,4,En aceleración,LICEO SANTA INES,2,1
Matemáticas,TUN,4,En aceleración,AMERICAN SCHOOL SAINT FRANCES,1,2
Matemáticas,TUN,4,En aceleración,CENTRO PEDAGÓGICO MANDALA,1,3
Matemáticas,TUN,4,En aceleración,COLEGIO AFUERA (MADRID ESPAÑA),1,4
Matemáticas,TUN,4,En aceleración,GIMNASIO CAMPESTRE DEL NORTE,1,5
Matemáticas,TUN,4,En aceleración,GINMASIO CAMBRIDGE TUNJA,1,6
Matemáticas,TUN,4,En aceleración,SAN VIATOR,1,7
Matemáticas,TUN,4,En aceleración,VILLA FONTANA,1,8
Matemáticas,TUN,5,Progreso limitado,CENTRO EDUCATIVO SEMILLITAS DE AMOR,1,1
Matemáticas,TUN,5,Progreso limitado,COLEGIO MONTERROSALES CICLOS,1,2
Matemáticas,TUN,5,Progreso limitado,GIMNASIO VILLA FONTANA,1,3
Matemáticas,TUN,5,Emergente,GIMNASIO CAMPESTRE DEL NORTE,2,1
Matemáticas,TUN,5,Emergente,CENTRO EDUCATIVO HOWARD GARDNER,1,2
Matemáticas,TUN,5,Emergente,COLEGIO ANDINO,1,3
Matemáticas,TUN,5,Emergente,COLEGIO BILINGÜE SAN VIATOR TUNJA,1,4
Matemáticas,TUN,5,Emergente,COLEGIO CRISTIANO FILADELFIA TUNJA,1,5
Matemáticas,TUN,5,Emergente,COLEGIO DE BOYACÁ,1,6
Matemáticas,TUN,5,Emergente,COLEGIO DE LA PRESENTACIÓN,1,7
Matemáticas,TUN,5,Emergente,COLEGIO SAN VIATOR,1,8
Matemáticas,TUN,5,Emergente,COLEGIO SAN VIATOR TUNJA,1,9
Matemáticas,TUN,5,Emergente,GIMNASIO CAMBRIDGE TUNJA,1,10
Matemáticas,TUN,5,En aceleración,COLEGIO ANDINO DE TUNJA,2,1
Matemáticas,TUN,5,En aceleración,COLEGIO NUEVA GRANADA,2,2
Matemáticas,TUN,5,En aceleración,GIMNASIO CAMPESTRE DEL NORTE,2,3
Matemáticas,TUN,5,En aceleración,GIMNASIO GALILEO GALILEI,2,4
Matemáticas,TUN,5,En aceleración,COLEGIO CRISTIANO MANANTIAL,1,5
Matemáticas,TUN,5,En aceleración,COLEGIO GALILEO GALILEI,1,6
Matemáticas,TUN,5,En aceleración,COLEGIO GIMNASIO SANTANDER TUNJA,1,7
Matemáticas,TUN,5,En aceleración,COLEGIO LA SALLE,1,8
Matemáticas,TUN,5,En aceleración,COLEGIO LOS ANGELES,1,9
Matemáticas,TUN,5,En aceleración,COLEGIO SAN VIATOR TUNJA,1,10
Matemáticas,TUN,5,Avanzado,COUNTRY BILINGUAL SCHOOL,2,1
Matemáticas,TUN,5,Avanzado,CENTRO EDUCATIVO HOWARD GARDNER,1,2
Matemáticas,TUN,6,Emergente,COLEGIO ABRAHAM LINCOLN,2,1
Matemáticas,TUN,6,Emergente,COLEGIO GABRIEL GARCIA MARQUEZ,1,2
Matemáticas,TUN,6,Emergente,FUNDACION PEDAGOGICA RAYUELA,1,3
Matemáticas,TUN,6,Emergente,GIMNASIO CAMPESTRE SEMILLERO DEL SABER,1,4
Matemáticas,TUN,6,Emergente,GIMNASIO EDUCATIVO OVIDIO DECROLY,1,5
Matemáticas,TUN,6,Emergente,GIMNASIO GALILEO GALILEI,1,6
Matemáticas,TUN,6,Emergente,GIMNASIO MODERNO LOS PINOS SAS,1,7
Matemáticas,TUN,6,Emergente,GIMNASIO SANTANDER,1,8
Matemáticas,TUN,6,Emergente,LICEO CRISTIANO SAN PABLO,1,9
Matemáticas,TUN,6,Emergente,LICEO SANTA INES,1,10
Matemáticas,TUN,6,En aceleración,GIMNASIO VILLA FONTANA,2,1
Matemáticas,TUN,6,En aceleración,AMERICAN SCHOOL SAINT FRANCES,1,2
Matemáticas,TUN,6,En aceleración,AMERICAN SCHOOL SAINT FRANCIS,1,3
Matemáticas,TUN,6,En aceleración,CENTRO PEDAGÓGICO MANDALA,1,4
Matemáticas,TUN,6,En aceleración,COLEGIO AMERICANO DE BOGOTA,1,5
Matemáticas,TUN,6,En aceleración,COLEGIO MONTERROSALES CICLOS,1,6
Matemáticas,TUN,6,En aceleración,COLEGIO NUEVA GRANADA,1,7
Matemáticas,TUN,6,En aceleración,COLEGIO REINA DE LA PAZ,1,8
Matemáticas,TUN,6,En aceleración,COLEGIO SAN VIATOR,1,9
Matemáticas,TUN,6,En aceleración,FUNDACIÓN PEDAGÓGICA RAYUELA,1,10
Matemáticas,TUN,6,Avanzado,CENTRO DE EDUCACIÓN ACTIVA JOHN DEWEY,1,1
Matemáticas,TUN,6,Avanzado,COLEGIO MONTERROSALES HOMESCHOOL,1,2
Matemáticas,TUN,6,Avanzado,COLEGIO NUEVA GRANADA,1,3
Matemáticas,TUN,6,Avanzado,GABRIEL GARCIA MARQUEZ,1,4
Matemáticas,TUN,6,Avanzado,GIMNASIO INFANTIL CHIQUILANDIA,1,5
Matemáticas,TUN,6,Avanzado,GIMNASIO MODERNO LOS PINOS SAS,1,6
Matemáticas,TUN,6,Avanzado,GIMNASIO NUEVO MODELIA,1,7
Matemáticas,TUN,6,Avanzado,INSTITUCIÓN EDUCATIVA GIMNASIO AGUSTÍNIANO DE TUNJA,1,8
Matemáticas,TUN,7,Emergente,GIMNASIO VILLA FONTANA,2,1
Matemáticas,TUN,7,Emergente,CENTRO PEDAGÓGICO MANDALA,1,2
Matemáticas,TUN,7,Emergente,COLEGIO GIMASIO SANTANDER TUNJA,1,3
Matemáticas,TUN,7,Emergente,COLEGIO JESUS EUCARISTIA,1,4
Matemáticas,TUN,7,Emergente,COLEGIO SAN VIATOR TUNJA,1,5
Matemáticas,TUN,7,Emergente,FUNDACIÓN PEDAGÓGICA RAYUELA,1,6
Matemáticas,TUN,7,Emergente,GIMNASIO GALILEO GALILEI,1,7
Matemáticas,TUN,7,En aceleración,GIMNASIO CAMPESTRE DEL NORTE,3,1
Matemáticas,TUN,7,En aceleración,CENTRO PEDAGÓGICO MANDALA,2,2
Matemáticas,TUN,7,En aceleración,COLEGIO ANDINO DE TUNJA,2,3
Matemáticas,TUN,7,En aceleración,LICEO SANTA INÉS,2,4
Matemáticas,TUN,7,En aceleración,CENTRO EDUCATIVO COLEGIO SENSERITOS,1,5
Matemáticas,TUN,7,En aceleración,COLEGIO ABRAHAM LINCOLN,1,6
Matemáticas,TUN,7,En aceleración,COLEGIO COOPERATIVO REYES PATRIA,1,7
Matemáticas,TUN,7,En aceleración,COLEGIO DE BOYACA,1,8
Matemáticas,TUN,7,En aceleración,COLEGIO SAN JOSÉ DE LA SALLE,1,9
Matemáticas,TUN,7,En aceleración,GIMNASIO VILLA FONTANA,1,10
Matemáticas,TUN,7,Avanzado,COLEGIO ANDINO,1,1
Matemáticas,TUN,7,Avanzado,COLEGIO PARROQUIAL LA ASUNCION,1,2
Matemáticas,TUN,7,Avanzado,COLEGIO PARROQUIAL SAN MIGUEL,1,3
Matemáticas,TUN,7,Avanzado,DON BOSCO V,1,4
Matemáticas,TUN,7,Avanzado,GIMNACIO VILLA FONTANA,1,5
Matemáticas,TUN,7,Avanzado,GIMNASIO VILLA FONTANA,1,6
Matemáticas,TUN,8,Progreso limitado,COLEGIO SAN VIATOR TUNJA,1,1
Matemáticas,TUN,8,Progreso limitado,LICEO SANTA INES,1,2
Matemáticas,TUN,8,Emergente,COLEGIO COMFABOY TUNJA,1,1
Matemáticas,TUN,8,Emergente,COLEGIO SALESIANO MALDONADO TUNJA,1,2
Matemáticas,TUN,8,Emergente,COLEGIO SAN VIATOR TUNJA,1,3
Matemáticas,TUN,8,Emergente,COUNTRY BILINGUAL SCHOOL,1,4
Matemáticas,TUN,8,Emergente,GIMNASIO GALILEO GALILEI,1,5
Matemáticas,TUN,8,Emergente,INSTITUCIÓN EDUCATIVA COUNTRY BILINGUAL SCHOOL,1,6
Matemáticas,TUN,8,Emergente,NUEVO COLEGIO SAN JUAN BAUTISTA,1,7
Matemáticas,TUN,8,Emergente,SAINT NICOLAS SCHOOL,1,8
Matemáticas,TUN,8,En aceleración,GIMNASIO VILLA FONTANA,3,1
Matemáticas,TUN,8,En aceleración,COLEGIO NUEVA INGLATERRA CAMPESTRE,2,2
Matemáticas,TUN,8,En aceleración,ACE EMPOWER ACADEMY SAN JOSÉ CALIDORNIA EEUU,1,3
Matemáticas,TUN,8,En aceleración,CENTRO PEDAGÓGICO MANDALA,1,4
Matemáticas,TUN,8,En aceleración,COGIO DE LA PRESENTACIÓN TUNJA,1,5
Matemáticas,TUN,8,En aceleración,COLEGIO CAMPESTRE HISPANO INGLES,1,6
Matemáticas,TUN,8,En aceleración,COLEGIO CARDENAL SANCHA,1,7
Matemáticas,TUN,8,En aceleración,COLEGIO DE LA PRESENTACIÓN,1,8
Matemáticas,TUN,8,En aceleración,COLEGIO SAN VIATOR,1,9
Matemáticas,TUN,8,En aceleración,COLEGIO UNICAB VIRTUAL,1,10
Matemáticas,TUN,8,Avanzado,LICEO SANTA INES,3,1
Matemáticas,TUN,8,Avanzado,AMERICAN SCHOOL SAINT FRANCES,1,2
Matemáticas,TUN,8,Avanzado,COLEGIO ABRAHAM LINCOLN,1,3
Matemáticas,TUN,8,Avanzado,COLEGIO ANDINO DE TUNJA,1,4
Matemáticas,TUN,8,Avanzado,COLEGIO DE BOYACÁ,1,5
Matemáticas,TUN,8,Avanzado,COLEGIO VILLA FONTANA,1,6
Matemáticas,TUN,8,Avanzado,GIMNASIO VIZCAYA,1,7
Matemáticas,TUN,8,Avanzado,INSTITUCIÓN EDUCATIVA GIMNASIO AGUSTÍNIANO DE TUNJA,1,8
Matemáticas,TUN,9,Emergente,COLEGIO LEV VIGOTSKY,1,1
Matemáticas,TUN,9,Emergente,COLEGIO SALESIANO MALDONADO TUNJA,1,2
Matemáticas,TUN,9,Emergente,COLEGIO SERGIO CAMARGO,1,3
Matemáticas,TUN,9,Emergente,FUNDACIÓN PEDAGÓGICA RAYUELA,1,4
Matemáticas,TUN,9,En aceleración,GIMNASIO CAMPESTRE DEL NORTE,4,1
Matemáticas,TUN,9,En aceleración,COLEGIO ANDINO DE TUNJA,2,2
Matemáticas,TUN,9,En aceleración,CENTRO PEDAGÓGICO MANDALA,1,3
Matemáticas,TUN,9,En aceleración,COLEGIO BILINGÜE SAN VIATOR TUNJA,1,4
Matemáticas,TUN,9,En aceleración,COLEGIO DE LA PRESENTACIÓN,1,5
Matemáticas,TUN,9,En aceleración,COLEGIO LEV VYGOTSKY,1,6
Matemáticas,TUN,9,En aceleración,COLEGIO LOS ANGELES,1,7
Matemáticas,TUN,9,En aceleración,COLEGIO MILITAR JUAN JOSE RENDON,1,8
Matemáticas,TUN,9,En aceleración,COLEGIO SAN VIATOR TUNJA,1,9
Matemáticas,TUN,9,En aceleración,GIMANSIO CAMPESTRE DEL NORTE,1,10
Matemáticas,TUN,9,Avanzado,AMERICAN SCHOOL SAINT FRANCES,1,1
Matemáticas,TUN,9,Avanzado,CENTRO PEDAGÓGICO MANDALA,1,2
Matemáticas,TUN,9,Avanzado,FUNDACIÓN PEDAGÓGICA RAYUELA,1,3
Matemáticas,TUN,9,Avanzado,FUNDACIÓN PEDAGÓGICA RAYUELA TUNJA,1,4
Matemáticas,TUN,9,Avanzado,GIMNASIO CAMPESTRE DEL NORTE,1,5
Matemáticas,TUN,9,Avanzado,GIMNASIO LOS OCOBOS,1,6
Matemáticas,TUN,9,Avanzado,INSTITUCIÓN DE EDUCACIÓN FORMAL COMFABOY,1,7
Matemáticas,TUN,9,Avanzado,INSTITUCIÓN EDUCATIVA ANTONIO JOSE SANDOVAL GOMEZ,1,8
Matemáticas,TUN,9,Avanzado,LA PRESENTACIÓN TUNJA,1,9
Matemáticas,TUN,9,Avanzado,NORMAL,1,10
Matemáticas,TUN,10,Progreso limitado,CIBERCOLEGIO UCN,1,1
Matemáticas,TUN,10,Progreso limitado,COLEGIO DE BOYACÁ,1,2
Matemáticas,TUN,10,Progreso limitado,COLEGIO MONTESSORI,1,3
Matemáticas,TUN,10,Progreso limitado,GIMNASIO CAMPESTRE DEL NORTE,1,4
Matemáticas,TUN,10,Progreso limitado,GIMNASIO GALILEO GALILEI,1,5
Matemáticas,TUN,10,Progreso limitado,INSTITUCIÓN DE EDUCACIÓN FORMAL COMFABOY,1,6
Matemáticas,TUN,10,Progreso limitado,SAN VIATOR,1,7
Matemáticas,TUN,10,Emergente,COLEGIO ANDINO DE TUNJA,2,1
Matemáticas,TUN,10,Emergente,COLEGIO SAN VIATOR TUNJA,2,2
Matemáticas,TUN,10,Emergente,GIMNASIO CAMPESTRE DEL NORTE,2,3
Matemáticas,TUN,10,Emergente,UNICAB,2,4
Matemáticas,TUN,10,Emergente,ABRAHAM LINCOLN SCHOOL,1,5
Matemáticas,TUN,10,Emergente,AMERICAN SCHOOL,1,6
Matemáticas,TUN,10,Emergente,COLEGIO BILINGUE SAN VIATOR TUNJA,1,7
Matemáticas,TUN,10,Emergente,COLEGIO COOPERATIVO REYES PATRIA,1,8
Matemáticas,TUN,10,Emergente,COLEGIO DE BOYACA,1,9
Matemáticas,TUN,10,Emergente,COLEGIO DE LA PRESENTACION TUNJA,1,10
Matemáticas,TUN,10,En aceleración,AMERICAN SCHOOL SAINT FRANCES,2,1
Matemáticas,TUN,10,En aceleración,COLEGIO LOS ANGELES TUNJA,2,2
Matemáticas,TUN,10,En aceleración,COLEGIO ANDINO DE TUNJA,1,3
Matemáticas,TUN,10,En aceleración,COLEGIO DE LA PRESENTACION,1,4
Matemáticas,TUN,10,En aceleración,COLEGIO LA PRESENTACIÓN,1,5
Matemáticas,TUN,10,En aceleración,COLEGIO LOS ANGELES,1,6
Matemáticas,TUN,10,En aceleración,COLEGIO SAN VIATOR TUNJA,1,7
Matemáticas,TUN,10,En aceleración,GIMNASIO CAMPESTRE DEL NORTE,1,8
Matemáticas,TUN,10,En aceleración,GIMNASIO VILLA FONTANA,1,9
Matemáticas,TUN,10,En aceleración,I.E.T. PEDRO JOSÉ SARMIENTO,1,10
Matemáticas,USAQ,3,Progreso limitado,CENTRO EDUCATIVO LIBERTAD,1,1
Matemáticas,USAQ,3,Progreso limitado,COLEGIO ANGLO AMERICANO,1,2
Matemáticas,USAQ,3,Progreso limitado,COLEGIO COFREM,1,3
Matemáticas,USAQ,3,Progreso limitado,COLEGIO NUEVO CAMPESTRE,1,4
Matemáticas,USAQ,3,Progreso limitado,GIMNASIO LOS ARRAYANES BILINGUE,1,5
Matemáticas,USAQ,3,Progreso limitado,INNOVA USAQUÉN 170,1,6
Matemáticas,USAQ,3,Progreso limitado,LICEO LA SABANA,1,7
Matemáticas,USAQ,3,Emergente,COLEGIO MARIA AUXILIADORA NORTE,1,1
Matemáticas,USAQ,3,Emergente,COLEGIO PIERRE DE FERMAT,1,2
Matemáticas,USAQ,3,Emergente,ESCUELA RURAL NARANJAL,1,3
Matemáticas,USAQ,3,Emergente,GIMNASIO CAMPESTRE LA SALETTE,1,4
Matemáticas,USAQ,3,Emergente,GIMNASIO INFANTIL MONTESORI,1,5
Matemáticas,USAQ,3,Emergente,INSTITUTO SAN BERNARDO DE LA SALLE,1,6
Matemáticas,USAQ,3,Emergente,LICEO LA SABANA,1,7
Matemáticas,USAQ,3,Emergente,LICEO MODERNO CAMPESTRE,1,8
Matemáticas,USAQ,3,En aceleración,COLEGIO AUSTRALIANO CAMPESTRE,1,1
Matemáticas,USAQ,3,En aceleración,COLEGIO BOSQUES DE SHERWOOD,1,2
Matemáticas,USAQ,3,En aceleración,COLEGIO SANTA MARIA,1,3
Matemáticas,USAQ,3,En aceleración,FUNDACION EDUCATIVA COLEGIO WESLEYANO DEL NORTE,1,4
Matemáticas,USAQ,3,En aceleración,GIMNASIO INTERACTIVO NIÑOS FELICES HAPPY KIDS,1,5
Matemáticas,USAQ,3,En aceleración,GIMNASIO LOS ARRAYANES BILINGUE,1,6
Matemáticas,USAQ,3,En aceleración,LICEO ALTA BLANCA,1,7
Matemáticas,USAQ,3,Avanzado,LICEO LA SABANA,2,1
Matemáticas,USAQ,4,Progreso limitado,COLEGIO MARIA AUXILIADORA NORTE,4,1
Matemáticas,USAQ,4,Progreso limitado,COLEGIO EMMANUEL DALZON,1,2
Matemáticas,USAQ,4,Progreso limitado,COLEGIO FUNDACION LA PAZ,1,3
Matemáticas,USAQ,4,Progreso limitado,COLEGIO MARIA INMACULADA,1,4
Matemáticas,USAQ,4,Progreso limitado,COLEGIO MONTERROSALES CICLOS,1,5
Matemáticas,USAQ,4,Progreso limitado,INSTITUTO TÉCNICO COLOMBO SUECO,1,6
Matemáticas,USAQ,4,Progreso limitado,NOBIS PACEM HOMESCHOOL,1,7
Matemáticas,USAQ,4,Emergente,COLEGIO MARIA AUXILIADORA NORTE,4,1
Matemáticas,USAQ,4,Emergente,GIMNASIO LOS ARRAYANES BILINGUE,3,2
Matemáticas,USAQ,4,Emergente,COLEGIO CARDENAL SANCHA,2,3
Matemáticas,USAQ,4,Emergente,COLEGIO MARIA INMACULADA,2,4
Matemáticas,USAQ,4,Emergente,BOSQUE AULA EL ROBLE CONVENIO CEPA – TRIKELE,1,5
Matemáticas,USAQ,4,Emergente,CENTRO EDUCATIVO NUESTRA SEÑORA DE LA PAZ,1,6
Matemáticas,USAQ,4,Emergente,CENTRO SANTA MARIA,1,7
Matemáticas,USAQ,4,Emergente,COLEGIO BILINGÜE SAN JUAN DE ÁVILA,1,8
Matemáticas,USAQ,4,Emergente,COLEGIO FRANCISCANO DEL VIRREY SOLIS,1,9
Matemáticas,USAQ,4,Emergente,COLEGIO GEORGE WASHINGTON,1,10
Matemáticas,USAQ,4,En aceleración,CENTRO SANTA MARIA,1,1
Matemáticas,USAQ,4,En aceleración,COLEGIO CALASANZ LA ESMERALDA,1,2
Matemáticas,USAQ,4,En aceleración,COLEGIO DEL ROSARIO DE SANTO DOMINGO,1,3
Matemáticas,USAQ,4,En aceleración,COLEGIO DEL SANTO ANGEL,1,4
Matemáticas,USAQ,4,En aceleración,COLEGIO MARIA AUXILIADORA NORTE,1,5
Matemáticas,USAQ,4,En aceleración,COLEGIO MARIA INMACULADA,1,6
Matemáticas,USAQ,4,En aceleración,COLEGIO MARÍA INMACULADA,1,7
Matemáticas,USAQ,4,En aceleración,GIMNASIO LOS ARRAYANES BILINGUE,1,8
Matemáticas,USAQ,4,En aceleración,LICEO AVENIDA LAS AMÉRICAS,1,9
Matemáticas,USAQ,4,En aceleración,LICEO CAMPESTRE THOMAS DE IRIARTE,1,10
Matemáticas,USAQ,4,Avanzado,GIMNASIO LOS PINOS,1,1
Matemáticas,USAQ,5,Progreso limitado,COLEGIO MARIA INMACULADA,1,1
Matemáticas,USAQ,5,Progreso limitado,COLEGIO STELLA MATUTINA,1,2
Matemáticas,USAQ,5,Progreso limitado,GIMNASIO CAMPESTRE ESCALEMOS,1,3
Matemáticas,USAQ,5,Progreso limitado,GIMNASIO JOSE JOAQUIN CASAS,1,4
Matemáticas,USAQ,5,Progreso limitado,GIMNASIO LOS ARRAYANES BILINGÜE,1,5
Matemáticas,USAQ,5,Progreso limitado,GIMNASIO SANTA CRISTINA DE TOSCANA,1,6
Matemáticas,USAQ,5,Progreso limitado,MARIA INMACULADA,1,7
Matemáticas,USAQ,5,Emergente,COLEGIO DE NUESTRA SEÑORA DEL BUEN CONSEJO,1,1
Matemáticas,USAQ,5,Emergente,COLEGIO DOS HEMISFERIOS,1,2
Matemáticas,USAQ,5,Emergente,COLEGIO EUGENIA RAVASCO,1,3
Matemáticas,USAQ,5,Emergente,COLEGIO GEORGE WASHINGTON,1,4
Matemáticas,USAQ,5,Emergente,COLEGIO MARIA AUXILIADORA NORTE,1,5
Matemáticas,USAQ,5,Emergente,COLEGIO MARIA INMACULADA,1,6
Matemáticas,USAQ,5,Emergente,COLEGIO NUESTRA SEÑORA DE NAZARETH,1,7
Matemáticas,USAQ,5,Emergente,COLEGIO SANTA MARIANA DE JESUS,1,8
Matemáticas,USAQ,5,Emergente,COLEGIO WINDSOR,1,9
Matemáticas,USAQ,5,Emergente,GIMNASIO LOS ARRAYANES BILINGÜE,1,10
Matemáticas,USAQ,5,En aceleración,COLEGIO MARIA AUXILIADORA NORTE,4,1
Matemáticas,USAQ,5,En aceleración,COLEGIO AGUSTÍN NIETO CABALLERO,2,2
Matemáticas,USAQ,5,En aceleración,COLEGIO BILINGÜE MAXIMINO POITIERS,1,3
Matemáticas,USAQ,5,En aceleración,COLEGIO CALASANZ,1,4
Matemáticas,USAQ,5,En aceleración,COLEGIO CAMPESTRE SAN JOSE ANTIGUO SIERVAS DE SAN JOSE,1,5
Matemáticas,USAQ,5,En aceleración,COLEGIO DE LAS RR ESCLAVAS SAGRADO CORAZÓN DE JESUS,1,6
Matemáticas,USAQ,5,En aceleración,COLEGIO HAPE HABILIDADES DEL PENSAMIENTO,1,7
Matemáticas,USAQ,5,En aceleración,COLEGIO JOSE EUSTASIO RIVERA,1,8
Matemáticas,USAQ,5,En aceleración,COLEGIO MARGARITA BOSCO,1,9
Matemáticas,USAQ,5,En aceleración,COLEGIO RENFORT,1,10
Matemáticas,USAQ,6,Emergente,COLEGIO MARIA AUXILIADORA NORTE,2,1
Matemáticas,USAQ,6,Emergente,CELESTIN FREINET DEL NORTE,1,2
Matemáticas,USAQ,6,Emergente,CENTRO EDUCATIVO INFANCIA DE JESUS,1,3
Matemáticas,USAQ,6,Emergente,COLEGIO AGUSTÍNIANO CIUDAD SALITRE,1,4
Matemáticas,USAQ,6,Emergente,COLEGIO BACHILLERATO PATRIA,1,5
Matemáticas,USAQ,6,Emergente,COLEGIO BILINGÜE MAXIMINO POITIERS,1,6
Matemáticas,USAQ,6,Emergente,COLEGIO DEL SANTO ANGEL,1,7
Matemáticas,USAQ,6,Emergente,COLEGIO EL MINUTO DE DIOS,1,8
Matemáticas,USAQ,6,Emergente,COLEGIO GEORGE WASHINGTON SCHOOL,1,9
Matemáticas,USAQ,6,Emergente,COLEGIO MAYOR JOSE CELESTINO MUTIS,1,10
Matemáticas,USAQ,6,En aceleración,COLEGIO MONTEHELENA BILINGÜE SEDE PRINCIPAL,3,1
Matemáticas,USAQ,6,En aceleración,COLEGIO SANTIAGO ALBERIONE,3,2
Matemáticas,USAQ,6,En aceleración,COLEGIO BILINGUE SAN JUAN DE AVILA,2,3
Matemáticas,USAQ,6,En aceleración,COLEGIO MARIA AUXILIADORA NORTE,2,4
Matemáticas,USAQ,6,En aceleración,COLEGIO COLSUBSIDIO NORTE,1,5
Matemáticas,USAQ,6,En aceleración,COLEGIO DE LA SAGRADA FAMILIA,1,6
Matemáticas,USAQ,6,En aceleración,COLEGIO DE LAS RR ESCLAVAS SAGRADO CORAZÓN DE JESUS,1,7
Matemáticas,USAQ,6,En aceleración,COLEGIO DIVINO SALVADOR,1,8
Matemáticas,USAQ,6,En aceleración,COLEGIO MARIA INMACULADA,1,9
Matemáticas,USAQ,6,En aceleración,COLEGIO REFOUS,1,10
Matemáticas,USAQ,6,Avanzado,COLEGIO MARIA AUXILIADORA NORTE,3,1
Matemáticas,USAQ,6,Avanzado,GIMNASIO JOSE JOAQUIN CASAS,2,2
Matemáticas,USAQ,6,Avanzado,COLEGIO BILINGÜE MAXIMINO POITIERS,1,3
Matemáticas,USAQ,6,Avanzado,COLEGIO CORAZÓNISTA HERMANOS DEL SAGRADO CORA,1,4
Matemáticas,USAQ,6,Avanzado,COLEGIO MARIA INMACULADA,1,5
Matemáticas,USAQ,6,Avanzado,COLEGIO NUEVO GIMNASIO,1,6
Matemáticas,USAQ,6,Avanzado,GIMNASIO SAN ANGELO,1,7
Matemáticas,USAQ,6,Avanzado,LICEO CATOLICO CAMPESTRE,1,8
Matemáticas,USAQ,6,Avanzado,LICEO EL GRAN VIRREY,1,9
Matemáticas,USAQ,6,Avanzado,WESLEYANO NORTE,1,10
Matemáticas,USAQ,7,Progreso limitado,COLEGIO DE NUESTRA SEÑORA DEL BUEN CONSEJO,1,1
Matemáticas,USAQ,7,Progreso limitado,COLEGIO FRANCISCANO DEL VIRREY SOLIS,1,2
Matemáticas,USAQ,7,Progreso limitado,GIMNASIO LOS ARRAYANES BILINGUE,1,3
Matemáticas,USAQ,7,Emergente,COLEGIO LAUSANA,2,1
Matemáticas,USAQ,7,Emergente,GIMNASIO LOS ARRAYANES BILINGUE,2,2
Matemáticas,USAQ,7,Emergente,GIMNASIO NUEVA ESCOCIA,2,3
Matemáticas,USAQ,7,Emergente,COLEGIO GEORGE WASHINGTON,1,4
Matemáticas,USAQ,7,Emergente,COLEGIO GEORGE WASHINGTON SCHOOL,1,5
Matemáticas,USAQ,7,Emergente,COLEGIO NUESTRA SEÑORA DE LAS MERCEDES,1,6
Matemáticas,USAQ,7,Emergente,COLEGIO PIERRE DE FERMAT,1,7
Matemáticas,USAQ,7,Emergente,ESCUELA NORMAL SUPERIOR DE ACACÍAS,1,8
Matemáticas,USAQ,7,Emergente,FUNDACION EDUCACIONAL ANA RESTREPO DEL CORRAL,1,9
Matemáticas,USAQ,7,Emergente,GIMNASIO LOS ANDES,1,10
Matemáticas,USAQ,7,En aceleración,COLEGIO MARIA INMACULADA,2,1
Matemáticas,USAQ,7,En aceleración,LICEO ALTA BLANCA,2,2
Matemáticas,USAQ,7,En aceleración,LICEO LA SABANA,2,3
Matemáticas,USAQ,7,En aceleración,COLEGIO AGUSTÍNIANO NORTE,1,4
Matemáticas,USAQ,7,En aceleración,COLEGIO BILINGÜE LA ENSEÑANZA,1,5
Matemáticas,USAQ,7,En aceleración,COLEGIO CORAZÓNISTA HERMANOS DEL SAGRADO CORA,1,6
Matemáticas,USAQ,7,En aceleración,COLEGIO GEORGE WASHINGTON,1,7
Matemáticas,USAQ,7,En aceleración,COLEGIO MONTEHELENA BILINGÜE SEDE PRINCIPAL,1,8
Matemáticas,USAQ,7,En aceleración,COLEGIO MONTERROSALES BILINGUE,1,9
Matemáticas,USAQ,7,En aceleración,COLEGIO NUEVO CAMPESTRE,1,10
Matemáticas,USAQ,7,Avanzado,COLEGIO GEORGE WASHINGTON,1,1
Matemáticas,USAQ,7,Avanzado,COLEGIO LA INMACULADA,1,2
Matemáticas,USAQ,7,Avanzado,GIMNASIO EL HONTANAR,1,3
Matemáticas,USAQ,7,Avanzado,GIMNASIO MONSEÑOR MANUEL MARIA CAMARGO,1,4
Matemáticas,USAQ,7,Avanzado,LICEO LA SABANA,1,5
Matemáticas,USAQ,8,Progreso limitado,COLEGIO MARIA INMACULADA,2,1
Matemáticas,USAQ,8,Progreso limitado,LICEO LUNITA DE CHIA,1,2
Matemáticas,USAQ,8,Emergente,COLEGIO MONTERROSALES CICLOS,3,1
Matemáticas,USAQ,8,Emergente,COLEGIO MARIA AUXILIADORA NORTE,2,2
Matemáticas,USAQ,8,Emergente,B LEARNING LECAM (VIRTUAL),1,3
Matemáticas,USAQ,8,Emergente,COLEGIO CAMPESTRE SAN JOSE ANTIGUO SIERVAS DE SAN JOSE,1,4
Matemáticas,USAQ,8,Emergente,COLEGIO EUCARISTICO,1,5
Matemáticas,USAQ,8,Emergente,COLEGIO GIOVANNI PASCOLI,1,6
Matemáticas,USAQ,8,Emergente,COLEGIO LAUSANA,1,7
Matemáticas,USAQ,8,Emergente,COLEGIO MARIA INMACULADA,1,8
Matemáticas,USAQ,8,Emergente,COLEGIO MONTERROSALES BILINGUE,1,9
Matemáticas,USAQ,8,Emergente,COLEGIO SAN ALEJO,1,10
Matemáticas,USAQ,8,En aceleración,COLEGIO BILINGÜE MAXIMINO POITIERS,2,1
Matemáticas,USAQ,8,En aceleración,COLEGIO GEORGE WASHINGTON SCHOOL,2,2
Matemáticas,USAQ,8,En aceleración,COLEGIO MARIA AUXILIADORA NORTE,2,3
Matemáticas,USAQ,8,En aceleración,COLEGIO MARIA INMACULADA,2,4
Matemáticas,USAQ,8,En aceleración,INNOVA USAQUÉN 170,2,5
Matemáticas,USAQ,8,En aceleración,LICEO MODERNO CAMPESTRE,2,6
Matemáticas,USAQ,8,En aceleración,COLEGIO CASABLANCA,1,7
Matemáticas,USAQ,8,En aceleración,COLEGIO COFREM,1,8
Matemáticas,USAQ,8,En aceleración,COLEGIO CRISTO REY BOGOTA,1,9
Matemáticas,USAQ,8,En aceleración,COLEGIO DE NUESTRA SEÑORA DEL ROSARIO,1,10
Matemáticas,USAQ,8,Avanzado,GIMNASIO SAN ANGELO,2,1
Matemáticas,USAQ,8,Avanzado,COLEGIO SANTA ANGELA MERICI,1,2
Matemáticas,ZIPA,3,Progreso limitado,COLEGIO BILINGÜE CAMPESTRE COLOMBO BRITANICO,1,1
Matemáticas,ZIPA,3,Progreso limitado,GIMNASIO EL BOSQUE,1,2
Matemáticas,ZIPA,3,Progreso limitado,GIMNASIO MARIA MONTESSORI,1,3
Matemáticas,ZIPA,3,Progreso limitado,GIMNASIO SAN MATEO,1,4
Matemáticas,ZIPA,3,Progreso limitado,SEDE SIMÓN BOLÍVAR B,1,5
Matemáticas,ZIPA,3,Emergente,MONTEMAYOR SCHOOL,3,1
Matemáticas,ZIPA,3,Emergente,COLEGIO BILINGUE CAMPESTRE COLOMBO BRITANICO,2,2
Matemáticas,ZIPA,3,Emergente,GIMNASIO INTEGRAL GENIOS DEL ZIPA,2,3
Matemáticas,ZIPA,3,Emergente,BOSQUES DE SHERWOOD,1,4
Matemáticas,ZIPA,3,Emergente,COLEGIO BILINGUE CAMPESTRE COLOMBO BRITÁNICO,1,5
Matemáticas,ZIPA,3,Emergente,COLEGIO CAMPESTRE EXPLORADORES DEL SABER ZIPAQUIRA,1,6
Matemáticas,ZIPA,3,Emergente,COLEGIO CAMPESTRE GENIOS DEL ZIPA,1,7
Matemáticas,ZIPA,3,Emergente,COLEGIO COLOMBO BRITÁNICO ZIPAQUIRA,1,8
Matemáticas,ZIPA,3,Emergente,COLEGIO DE LA PRESENTACION ZIPAQUIRA,1,9
Matemáticas,ZIPA,3,Emergente,COLEGIO DE LA PRESENTACIÓN DE ZIPAQUIRA,1,10
Matemáticas,ZIPA,3,En aceleración,GENIOS DEL ZIPA,2,1
Matemáticas,ZIPA,3,En aceleración,GIMNASIO INTEGRAL GENIOS DEL ZIPA,2,2
Matemáticas,ZIPA,3,En aceleración,LICEO CATEDRAL HIGH SCHOOL,2,3
Matemáticas,ZIPA,3,En aceleración,NEWCASTLE SCHOOL,2,4
Matemáticas,ZIPA,3,En aceleración,COLEGIO BILINGUE CAMPESTRE COLOMBO BRITANICO,1,5
Matemáticas,ZIPA,3,En aceleración,COLEGIO MAYOR DE LOS ANDES,1,6
Matemáticas,ZIPA,3,En aceleración,COLEGIO SANTO TOMAS - CHIA,1,7
Matemáticas,ZIPA,3,En aceleración,GIMNACIO CAMPESTRE ICAV,1,8
Matemáticas,ZIPA,3,En aceleración,GIMNASIO INFANTIL MI PEQUEÑO MUNDO,1,9
Matemáticas,ZIPA,3,En aceleración,GIMNASIO LIVINGSTONE SCHOOL,1,10
Matemáticas,ZIPA,3,Avanzado,COLEGIO BILINGÜE CAMPESTRE COLOMBO BRITANICO,1,1
Matemáticas,ZIPA,3,Avanzado,COLEGIO DE LA PRESENTACIÓN DE ZIPAQUIRA,1,2
Matemáticas,ZIPA,3,Avanzado,GIMNASIO CAMPESTRE LOS LAURELES BILINGUE,1,3
Matemáticas,ZIPA,4,Progreso limitado,COLEGIO ANTOINE SAINT EXUPERY,1,1
Matemáticas,ZIPA,4,Progreso limitado,COLEGIO BILINGUE CAMPESTRE COLOMBO BRITANICO,1,2
Matemáticas,ZIPA,4,Progreso limitado,COLEGIO LA PRESENTACIÓN ZIPAQUIRÁ,1,3
Matemáticas,ZIPA,4,Progreso limitado,COLEGIO MAYOR DE INGLATERRA,1,4
Matemáticas,ZIPA,4,Progreso limitado,"COLEGIO SIGLO XXI, MINUTO DE DIOS",1,5
Matemáticas,ZIPA,4,Progreso limitado,GIMNASIO CAMPESTRE CRISTINAO,1,6
Matemáticas,ZIPA,4,Progreso limitado,GIMNASIO SAN MATEO,1,7
Matemáticas,ZIPA,4,Progreso limitado,MONTEMAYOR SCHOOL,1,8
Matemáticas,ZIPA,4,Emergente,COLEGIO BILINGUE CAMPESTRE COLOMBO BRITANICO,2,1
Matemáticas,ZIPA,4,Emergente,CENTRO EDUCATIVO SAGRADA FAMILIA DE NAZARETH,1,2
Matemáticas,ZIPA,4,Emergente,COLEGIO  BILINGUE CAMPESTRE COLOMBO BRITANICO,1,3
Matemáticas,ZIPA,4,Emergente,COLEGIO ANTOINE SAINT EXUPÉRY,1,4
Matemáticas,ZIPA,4,Emergente,COLEGIO CAMPESTRE EXPLORADORES DEL SABER ZIPAQUIRA,1,5
Matemáticas,ZIPA,4,Emergente,COLEGIO DE LA PRESENTACIÓN DE ZIPAQUIRA,1,6
Matemáticas,ZIPA,4,Emergente,COLEGIO JARDIN INFANTIL,1,7
Matemáticas,ZIPA,4,Emergente,COLEGIO MAYOR DE SAN BARTOLOMÉ,1,8
Matemáticas,ZIPA,4,Emergente,COLEGIO SAN JUAN DIEGO NEMOCON,1,9
Matemáticas,ZIPA,4,Emergente,ESCUELA EXPERIENCIAL LA SEMILLA,1,10
Matemáticas,ZIPA,4,En aceleración,GIMNASIO CAMPESTRE NUEVA ALEJANDRIA,2,1
Matemáticas,ZIPA,4,En aceleración,ANTOINE DE SAIN EXUPRY,1,2
Matemáticas,ZIPA,4,En aceleración,CEIP ANDRÉS SEGOVIA,1,3
Matemáticas,ZIPA,4,En aceleración,COLEGIO BILINGUE CAMPESTRE COLOMBO BRITANICO,1,4
Matemáticas,ZIPA,4,En aceleración,COLEGIO BILINGUE CAMPESTRE COLOMBO BRITÁNICO,1,5
Matemáticas,ZIPA,4,En aceleración,COLEGIO BILINGUE CEDAM,1,6
Matemáticas,ZIPA,4,En aceleración,COLEGIO BILINGUE COLOMBO BRITANICO,1,7
Matemáticas,ZIPA,4,En aceleración,COLEGIO BILINGUE COLOMBO BRITANICO DE ZIPAQUIRA,1,8
Matemáticas,ZIPA,4,En aceleración,COLEGIO CAMPESTRE ARTES Y LETRAS,1,9
Matemáticas,ZIPA,4,En aceleración,COLEGIO COLOMBO BRITANICO ZIPAQUIRA,1,10
Matemáticas,ZIPA,4,Avanzado,COLEGIO SANTA CLARA DE HUNGRIA,1,1
Matemáticas,ZIPA,4,Avanzado,CRESTWOOD ELEMENTARY SCHOOL,1,2
Matemáticas,ZIPA,4,Avanzado,GIMNASIO CAMPESTRE ICAV,1,3
Matemáticas,ZIPA,4,Avanzado,SANTA SOFIA,1,4
Matemáticas,ZIPA,5,Progreso limitado,ANTOINE DE SAINT - EXUPERY,1,1
Matemáticas,ZIPA,5,Progreso limitado,COLEGIO DOUGLAS BROWN DE ZIPAQUIRÁ,1,2
Matemáticas,ZIPA,5,Progreso limitado,COLEGIO MONTEMAYOR SCHOOL,1,3
Matemáticas,ZIPA,5,Progreso limitado,GIMNASIO CAMPESTRE STEVE JOBS,1,4
Matemáticas,ZIPA,5,Emergente,COLEGIO BILINGUE CAMPESTRE COLOMBO BRITANICO,4,1
Matemáticas,ZIPA,5,Emergente,GIMNASIO CAMPESTRE ICAV,2,2
Matemáticas,ZIPA,5,Emergente,ASPAEN CARTAGENA DE INDIAS,1,3
Matemáticas,ZIPA,5,Emergente,BOSQUES DE SHERWOOD,1,4
Matemáticas,ZIPA,5,Emergente,COLEGIO BRITANICO ZIPAQUIRA,1,5
Matemáticas,ZIPA,5,Emergente,COLEGIO CAMPETRE ARTES Y LETRAS,1,6
Matemáticas,ZIPA,5,Emergente,COLEGIO COLOMBO BRITANICO,1,7
Matemáticas,ZIPA,5,Emergente,COLEGIO COLOMBO BRITANICO DE ZIPAQUIRA,1,8
Matemáticas,ZIPA,5,Emergente,COLEGIO EL MINUTO DE DIOS,1,9
Matemáticas,ZIPA,5,Emergente,COLEGIO FRANCISCO JOSE DE CALDAS,1,10
Matemáticas,ZIPA,5,En aceleración,GIMNASIO INTEGRAL GENIOS DEL ZIPA,3,1
Matemáticas,ZIPA,5,En aceleración,COLEGIO BILINGUE CAMPESTRE COLOMBO BRITANICO,2,2
Matemáticas,ZIPA,5,En aceleración,COLEGIO CAMPESTRE ARTES Y LETRAS,2,3
Matemáticas,ZIPA,5,En aceleración,ATELIED,1,4
Matemáticas,ZIPA,5,En aceleración,BILINGUE CAMPESTRE COLOMBO BRITANICO DE ZIPAQUIRA,1,5
Matemáticas,ZIPA,5,En aceleración,COLEGIO ANTOINE DE SAINT EXUPERY  SEDE PRINCIPAL,1,6
Matemáticas,ZIPA,5,En aceleración,COLEGIO BILINGÜE CAMPESTRE COLOMBO BRITÁNICO,1,7
Matemáticas,ZIPA,5,En aceleración,COLEGIO BILINGÜE COLOMBO BRITÁNICO,1,8
Matemáticas,ZIPA,5,En aceleración,COLEGIO BRITÁNICO DE ZIPAQUIRÁ,1,9
Matemáticas,ZIPA,5,En aceleración,COLEGIO CAMPESTRE COLOMBO BRITANICO ZIPAQUIRA,1,10
Matemáticas,ZIPA,5,Avanzado,COLEGIO CAMPESTRE ARTES Y LETRAS,2,1
Matemáticas,ZIPA,5,Avanzado,CAMPBELL SCHOOL,1,2
Matemáticas,ZIPA,5,Avanzado,COLEGIO ANTONIE DE SAINTEEXUPERY,1,3
Matemáticas,ZIPA,5,Avanzado,COLEGIO BILINGUE CAMPESTRE COLOMBO BRITANICO,1,4
Matemáticas,ZIPA,6,Progreso limitado,GIMNASIO CAMPESTRE SANTA SOFIA,2,1
Matemáticas,ZIPA,6,Progreso limitado,COLEGIO ADVENTISTA,1,2
Matemáticas,ZIPA,6,Progreso limitado,COLEGIO ANTOINE DE SAINT EXUPÉRY,1,3
Matemáticas,ZIPA,6,Progreso limitado,COLEGIO CAMPESTRE ARTES Y LETRAS,1,4
Matemáticas,ZIPA,6,Progreso limitado,COLEGIO DOUGLAS BROWN,1,5
Matemáticas,ZIPA,6,Progreso limitado,COLEGIO SANTA CECILIA DE TUNJUELITO,1,6
Matemáticas,ZIPA,6,Emergente,CAMPBELL SCHOOL,4,1
Matemáticas,ZIPA,6,Emergente,COLEGIO SAN PAULO TOCANCIPA,2,2
Matemáticas,ZIPA,6,Emergente,ARNULFO BRICEÑO CONTRERAS,1,3
Matemáticas,ZIPA,6,Emergente,COLEGIO BILINGUE CAMPESTRE COLOMBO BRITÁNICO,1,4
Matemáticas,ZIPA,6,Emergente,COLEGIO BILINGUE CEDAM,1,5
Matemáticas,ZIPA,6,Emergente,COLEGIO BILINGUE COLOMBO BRITANICO,1,6
Matemáticas,ZIPA,6,Emergente,COLEGIO BILINGÜE COLOMBO BRITANICO,1,7
Matemáticas,ZIPA,6,Emergente,COLEGIO CAMPESTRE ARTES Y LETRAS,1,8
Matemáticas,ZIPA,6,Emergente,COLEGIO CAMPESTRE SAN NICOLAS SAS,1,9
Matemáticas,ZIPA,6,Emergente,COLEGIO DIVINO NIÑO,1,10
Matemáticas,ZIPA,6,En aceleración,COLEGIO ANTOINE DE SAINT EXUPER,1,1
Matemáticas,ZIPA,6,En aceleración,COLEGIO ANTOINE DE SAINT EXUPERY  SEDE PRINCIPAL,1,2
Matemáticas,ZIPA,6,En aceleración,COLEGIO BILINGUE CAMPESTRE COLOMBO BRITANICO,1,3
Matemáticas,ZIPA,6,En aceleración,COLEGIO BILINGÜE CAMPESTRE COLOMBO BRITANICO,1,4
Matemáticas,ZIPA,6,En aceleración,COLEGIO CAMPESTRE GENIOS DEL ZIPA,1,5
Matemáticas,ZIPA,6,En aceleración,COLEGIO COLOMBO BRITANICO,1,6
Matemáticas,ZIPA,6,En aceleración,COLEGIO COLOMBO BRITANICO ZIPAQUIRA,1,7
Matemáticas,ZIPA,6,En aceleración,COLEGIO DE LA PRESENTACIÓN DE ZIPAQUIRA,1,8
Matemáticas,ZIPA,6,En aceleración,COLEGIO FUNDACIÓN COLOMBIA,1,9