Prueba,Grado_num,colegio_de_origen,Nivel,Estudiantes,Ranking
Ciencias naturales,5,CAMPBELL SCHOOL,Avanzado,1,1
Ciencias naturales,5,CENTRO EDUCATIVO SCALAS,Avanzado,1,2
Ciencias naturales,5,COLEGIO AGUSTÍN NIETO CABALLERO,Avanzado,1,3
Ciencias naturales,5,COLEGIO ANDINO DE TUNJA,Avanzado,1,4
Ciencias naturales,5,COLEGIO CAMPESTRE COLOMBO BRITANICO ZIPAQUIRA,Avanzado,1,5
Ciencias naturales,5,COLEGIO CAMPESTRE SAN CARLOS DE COTA,Avanzado,1,6
Ciencias naturales,5,COLEGIO GIMNASIO LOS ALAMOS,Avanzado,1,7
Ciencias naturales,5,COLEGIO MONTERROSALES BILINGUE,Avanzado,1,8
Ciencias naturales,5,COLEGIO NUESTRA SEÑORA DE LUXEMBURGO,Avanzado,1,9
Ciencias naturales,5,COLEGIO SAN VIATOR,Avanzado,1,10
Ciencias naturales,5,COLEGIO BILINGUE CAMPESTRE COLOMBO BRITANICO,Emergente,3,1
Ciencias naturales,5,COLEGIO CAMPESTRE ARTES Y LETRAS,Emergente,2,2
Ciencias naturales,5,ANTOINE DE SAINT - EXUPERY,Emergente,1,3
Ciencias naturales,5,ANTONIO VAN UDEN,Emergente,1,4
Ciencias naturales,5,ASPAEN CARTAGENA DE INDIAS,Emergente,1,5
Ciencias naturales,5,BOSQUES DE SHERWOOD,Emergente,1,6
Ciencias naturales,5,CENTRO EDUCATIVO HOWARD GARDNER,Emergente,1,7
Ciencias naturales,5,CENTRO EDUCATIVO SEMILLITAS DE AMOR,Emergente,1,8
Ciencias naturales,5,COLEGIO BILINGÜE PIO XII CAMPESTRE,Emergente,1,9
Ciencias naturales,5,COLEGIO COLOMBO BRITANICO DE ZIPAQUIRA,Emergente,1,10
Ciencias naturales,5,COLEGIO BILINGUE CAMPESTRE COLOMBO BRITANICO,En aceleración,4,1
Ciencias naturales,5,COLEGIO MARIA AUXILIADORA NORTE,En aceleración,4,2
Ciencias naturales,5,GIMNASIO CAMPESTRE DEL NORTE,En aceleración,4,3
Ciencias naturales,5,COLEGIO AGUSTÍN NIETO CABALLERO,En aceleración,3,4
Ciencias naturales,5,COLEGIO CAMPESTRE ARTES Y LETRAS,En aceleración,2,5
Ciencias naturales,5,COLEGIO NUEVA GRANADA,En aceleración,2,6
Ciencias naturales,5,COUNTRY BILINGUAL SCHOOL,En aceleración,2,7
Ciencias naturales,5,GIMNASIO GALILEO GALILEI,En aceleración,2,8
Ciencias naturales,5,GIMNASIO INTEGRAL GENIOS DEL ZIPA,En aceleración,2,9
Ciencias naturales,5,GIMNASIO VILLA FONTANA,En aceleración,2,10
Ciencias naturales,5,GIMNASIO CAMPESTRE ICAV,Progreso limitado,2,1
Ciencias naturales,5,COLEGIO DOUGLAS BROWN DE ZIPAQUIRÁ,Progreso limitado,1,2
Ciencias naturales,5,COLEGIO GALILEO GALILEI,Progreso limitado,1,3
Ciencias naturales,5,COLEGIO GIMNASIO REINO DE CASTILLA,Progreso limitado,1,4
Ciencias naturales,5,COLEGIO TECNOLOGICO DE SUBA,Progreso limitado,1,5
Ciencias naturales,5,GIMNASIO CAMPESTRE ESCALEMOS,Progreso limitado,1,6
Ciencias naturales,5,GIMNASIO CAMPESTRE SAN FRANCISCO DE SALES,Progreso limitado,1,7
Ciencias naturales,5,GIMNASIO CAMPESTRE SANTA SOFIA,Progreso limitado,1,8
Ciencias naturales,5,GIMNASIO NEW CASTLE,Progreso limitado,1,9
Ciencias naturales,5,SUMMEHILL SCHOOL,Progreso limitado,1,10
Ciencias naturales,6,AMERICAN SCHOOL SAINT FRANCIS,Avanzado,1,1
Ciencias naturales,6,CELESTIN FREINET SEDE NORTE,Avanzado,1,2
Ciencias naturales,6,CENTRO EDUCATIVO LOMBARDIA,Avanzado,1,3
Ciencias naturales,6,COLEGIO BILINGUE COLOMBO BRITANICO,Avanzado,1,4
Ciencias naturales,6,COLEGIO COLON,Avanzado,1,5
Ciencias naturales,6,COLEGIO MARIA AUXILIADORA NORTE,Avanzado,1,6
Ciencias naturales,6,COLEGIO MARIA INMACULADA,Avanzado,1,7
Ciencias naturales,6,COLEGIO MONTEHELENA BILINGÜE SEDE PRINCIPAL,Avanzado,1,8
Ciencias naturales,6,COLEGIO MONTERROSALES HOMESCHOOL,Avanzado,1,9
Ciencias naturales,6,COLEGIO NUESTRA SEÑORA DE LUXEMBURGO,Avanzado,1,10
Ciencias naturales,6,CAMPBELL SCHOOL,Emergente,3,1
Ciencias naturales,6,COLEGIO ABRAHAM LINCOLN,Emergente,2,2
Ciencias naturales,6,COLEGIO DEL SAGRADO CORAZÓN,Emergente,2,3
Ciencias naturales,6,COLEGIO LA PRESENTACIÓN ZIPAQUIRÁ,Emergente,2,4
Ciencias naturales,6,COLEGIO MARIA AUXILIADORA NORTE,Emergente,2,5
Ciencias naturales,6,INSTITUTO DIVERSIFICADO ALBERT EINSTEIN,Emergente,2,6
Ciencias naturales,6,CENTRO EDUCATIVO INFANCIA DE JESUS,Emergente,1,7
Ciencias naturales,6,CENTRO LESTONNAC COMPAÑIA DE MARIA,Emergente,1,8
Ciencias naturales,6,COLEGIO ADVENTISTA,Emergente,1,9
Ciencias naturales,6,COLEGIO ANTOINE DE SAINT EXUPERY  SEDE PRINCIPAL,Emergente,1,10
Ciencias naturales,6,COLEGIO CAMPESTRE ARTES Y LETRAS,En aceleración,2,1
Ciencias naturales,6,COLEGIO CRECER Y APRENDER,En aceleración,2,2
Ciencias naturales,6,INNOVA SCHOOLS,En aceleración,2,3
Ciencias naturales,6,ABEKA ACADEMY,En aceleración,1,4
Ciencias naturales,6,CENTRO DE EDUCACIÓN ACTIVA JOHN DEWEY,En aceleración,1,5
Ciencias naturales,6,CENTRO DOCENTE NUESTRA SEÑORA DEL BUEN CONSEJO,En aceleración,1,6
Ciencias naturales,6,CENTRO PEDAGÓGICO MANDALA,En aceleración,1,7
Ciencias naturales,6,COLEGIO AGUSTÍNIANO SUBA,En aceleración,1,8
Ciencias naturales,6,COLEGIO AMERICANO DE BOGOTA,En aceleración,1,9
Ciencias naturales,6,COLEGIO AMERICANO DE BOGOTÁ,En aceleración,1,10
Ciencias naturales,6,ARNULFO BRICEÑO CONTRERAS,Progreso limitado,1,1
Ciencias naturales,6,CAMPBELL SCHOOL,Progreso limitado,1,2
Ciencias naturales,6,CENTRO EDUCATIVO MI BELLA INFANCIA,Progreso limitado,1,3
Ciencias naturales,6,COLEGIO DOUGLAS BROWN,Progreso limitado,1,4
Ciencias naturales,6,COLEGIO NUEVA GRANADA,Progreso limitado,1,5
Ciencias naturales,6,GIMNACIO CAMPESTRE ICAV,Progreso limitado,1,6
Ciencias naturales,6,GIMNASIO ANTONIO ARBOLEDA,Progreso limitado,1,7
Ciencias naturales,6,GIMNASIO CAMPESTRE SANTA SOFIA,Progreso limitado,1,8
Ciencias naturales,6,GIMNASIO SAN MATEO,Progreso limitado,1,9
Ciencias naturales,6,GP CREATIVE BILINGUAL SCHOOL GIMNASIO PSICOPEDAGICO,Progreso limitado,1,10
Ciencias naturales,7,CENTRO DOCENTE NUESTRA SEÑORA DEL BUEN CONSEJO,Avanzado,2,1
Ciencias naturales,7,CENTRO EDUCATIVO BOSTON INTERNACIONAL,Avanzado,2,2
Ciencias naturales,7,COLEGIO COLON,Avanzado,2,3
Ciencias naturales,7,GIMNASIO NUEVA ESCOCIA,Avanzado,2,4
Ciencias naturales,7,LICEO LA SABANA,Avanzado,2,5
Ciencias naturales,7,ASPAEN GIMNASIO CARTAGENA DE INDIAS,Avanzado,1,6
Ciencias naturales,7,CENTRO EDUCATIVO SCALAS,Avanzado,1,7
Ciencias naturales,7,CENTRO PEDAGÓGICO MANDALA,Avanzado,1,8
Ciencias naturales,7,COLEGIO ABRAHAM LINCOLN,Avanzado,1,9
Ciencias naturales,7,COLEGIO ANDINO,Avanzado,1,10
Ciencias naturales,7,COLEGIO COLON,Emergente,2,1
Ciencias naturales,7,COLEGIO NUESTRA SEÑORA DE LUXEMBURGO,Emergente,2,2
Ciencias naturales,7,CENTRO EDUCATIVO COLEGIO SENSERITOS,Emergente,1,3
Ciencias naturales,7,CENTRO EDUCATIVO SAGRADO CORAZÓN DE JESUS,Emergente,1,4
Ciencias naturales,7,COLEGIO AGUSTÍNIANO NORTE,Emergente,1,5
Ciencias naturales,7,COLEGIO AMERICANO DE BARRANQUILLA,Emergente,1,6
Ciencias naturales,7,COLEGIO ANDINO DE TUNJA,Emergente,1,7
Ciencias naturales,7,COLEGIO BIFFI LA SALLE,Emergente,1,8
Ciencias naturales,7,COLEGIO BILINGÜE CAMPESTRE COLOMBO BRITANICO,Emergente,1,9
Ciencias naturales,7,COLEGIO CAMPESTRE ICAV,Emergente,1,10
Ciencias naturales,7,GIMNASIO LOS ARRAYANES BILINGUE,En aceleración,5,1
Ciencias naturales,7,CENTRO EDUCATIVO BOSTON INTERNACIONAL,En aceleración,4,2
Ciencias naturales,7,COLEGIO AMERICANO DE BARRANQUILLA,En aceleración,2,3
Ciencias naturales,7,COLEGIO COLON,En aceleración,2,4
Ciencias naturales,7,COLEGIO DE LA SAGRADA FAMILIA,En aceleración,2,5
Ciencias naturales,7,COLEGIO DEL SAGRADO CORAZÓN,En aceleración,2,6
Ciencias naturales,7,COLEGIO NUEVO CAMPESTRE,En aceleración,2,7
Ciencias naturales,7,COLEGIO PINAR DEL PRADO,En aceleración,2,8
Ciencias naturales,7,GIMNASIO CAMPESTRE DEL NORTE,En aceleración,2,9
Ciencias naturales,7,GIMNASIO CAMPESTRE ICAV,En aceleración,2,10
Ciencias naturales,7,CENTRO EDUCATIVO SAGRADO CORAZÓN DE JESUS,Progreso limitado,1,1
Ciencias naturales,7,COLEGIO BIFFI LA SALLE,Progreso limitado,1,2
Ciencias naturales,7,COLEGIO GEORGE WASHINGTON,Progreso limitado,1,3
Ciencias naturales,7,COLEGIO GEORGE WASHINGTON SCHOOL,Progreso limitado,1,4
Ciencias naturales,7,COLEGIO LUIS MARIANO,Progreso limitado,1,5
Ciencias naturales,7,COLEGIO MONTERROSALES CICLOS,Progreso limitado,1,6
Ciencias naturales,7,CORPORACION EDUCATIVA COLEGIO ITALIANO GALILEO GALILEI,Progreso limitado,1,7
Ciencias naturales,7,INSTITUCIÓN ESCUELA ESCUELA NORMAL SUPERIOR LA PRESENATCION,Progreso limitado,1,8
Ciencias naturales,7,LICEO CAMPESTRE THOMAS DE IRIARTE,Progreso limitado,1,9
Ciencias naturales,7,LICEO SANTA TERESITA DE MADRID,Progreso limitado,1,10
Ciencias naturales,8,GIMNASIO INTEGRAL GENIOS DEL ZIPA,Avanzado,5,1
Ciencias naturales,8,COLEGIO AMERICANO DE BARRANQUILLA,Avanzado,2,2
Ciencias naturales,8,COLEGIO BILINGUE CAMPESTRE COLOMBO BRITANICO,Avanzado,2,3
Ciencias naturales,8,COLEGIO MARIA INMACULADA,Avanzado,2,4
Ciencias naturales,8,COLEGIO MONTERROSALES CICLOS,Avanzado,2,5
Ciencias naturales,8,GIMNASIO CAMPESTRE SANTA SOFÍA,Avanzado,2,6
Ciencias naturales,8,GIMNASIO SABANA NORTE,Avanzado,2,7
Ciencias naturales,8,GIMNASIO VILLA FONTANA,Avanzado,2,8
Ciencias naturales,8,INSTITUCION EDUCATIVA SAN ALBERTO MAGNO,Avanzado,2,9
Ciencias naturales,8,LICEO SANTA INES,Avanzado,2,10
Ciencias naturales,8,COLEGIO DEL SAGRADO CORAZÓN,Emergente,4,1
Ciencias naturales,8,COLEGIO MONTERROSALES CICLOS,Emergente,3,2
Ciencias naturales,8,COLEGIO AMERICANO DE BARRANQUILLA,Emergente,2,3
Ciencias naturales,8,COLEGIO SAN JOSE,Emergente,2,4
Ciencias naturales,8,BIFFI LA SALLE,Emergente,1,5
Ciencias naturales,8,CENTRO DOCENTE NUESTRA SEÑORA DEL BUEN CONSEJO,Emergente,1,6
Ciencias naturales,8,CENTRO EDUCATIVO BILINGUE COLEGIO ANGLO AMERICANO,Emergente,1,7
Ciencias naturales,8,CENTRO PEDAGÓGICO MANDALA,Emergente,1,8
Ciencias naturales,8,CLERIGOS SAN VIATOR TUNJA,Emergente,1,9
Ciencias naturales,8,COGIO DE LA PRESENTACIÓN TUNJA,Emergente,1,10
Ciencias naturales,8,COLEGIO FRANCISCO JOSE DE CALDAS,En aceleración,3,1
Ciencias naturales,8,COLEGIO MARIA AUXILIADORA NORTE,En aceleración,3,2
Ciencias naturales,8,COLEGIO MONTERROSALES CICLOS,En aceleración,3,3
Ciencias naturales,8,GIMNASIO CAMPESTRE SANTA SOFIA,En aceleración,3,4
Ciencias naturales,8,CENTRO DOCENTE NUESTRA SEÑORA DEL BUEN CONSEJO,En aceleración,2,5
Ciencias naturales,8,COLEGIO BOSTON FLEXIBLE,En aceleración,2,6
Ciencias naturales,8,COLEGIO DEL SAGRADO CORAZÓN,En aceleración,2,7
Ciencias naturales,8,COLEGIO GEORGE WASHINGTON SCHOOL,En aceleración,2,8
Ciencias naturales,8,COLEGIO NUEVA INGLATERRA CAMPESTRE,En aceleración,2,9
Ciencias naturales,8,COLEGIO REFOUS,En aceleración,2,10
Ciencias naturales,8,COLEGIO SAN VIATOR TUNJA,Progreso limitado,2,1
Ciencias naturales,8,COLEGIO BILINGÜE MAXIMINO POITIERS,Progreso limitado,1,2
Ciencias naturales,8,COLEGIO BOSTON FLEXIBLE,Progreso limitado,1,3
Ciencias naturales,8,COLEGIO GIOVANNI ANTONIO FARINA,Progreso limitado,1,4
Ciencias naturales,8,COLEGIO LA PRESENTACIÓN DE ZIPAQUIRÁ,Progreso limitado,1,5
Ciencias naturales,8,COLEGIO LAUSANA,Progreso limitado,1,6
Ciencias naturales,8,COLEGIO MARIA AUXILIADORA NORTE,Progreso limitado,1,7
Ciencias naturales,8,COLEGIO MARIA INMACULADA,Progreso limitado,1,8
Ciencias naturales,8,COLEGIO WALDORF EL MAESTRO,Progreso limitado,1,9
Ciencias naturales,8,CORPORACION EDUCATIVA COLEGIO ITALIANO GALILEO GALILEI,Progreso limitado,1,10
Ciencias naturales,9,COLEGIO MONTEMAYOR SCHOOL,Avanzado,2,1
Ciencias naturales,9,GIMNASIO SABANA NORTE,Avanzado,2,2
Ciencias naturales,9,SAN ALBERTO MAGNO,Avanzado,2,3
Ciencias naturales,9,COLEGIO BILINGUE COLOMBO BRITANICO ZIPAQUIRA,Avanzado,1,4
Ciencias naturales,9,COLEGIO DE LA PRESENTACIÓN DE ZIPAQUIRA,Avanzado,1,5
Ciencias naturales,9,COLEGIO EL MINUTO DE DIOS,Avanzado,1,6
Ciencias naturales,9,COLEGIO GIMNASIO SANTA SOFIA,Avanzado,1,7
Ciencias naturales,9,COLEGIO LA PRESENTACIÓN,Avanzado,1,8
Ciencias naturales,9,GICEI,Avanzado,1,9
Ciencias naturales,9,GIMNASIO CAMPESTRE FRIEDRICH FROEBEL,Avanzado,1,10
Ciencias naturales,9,COLEGIO NUESTRA SEÑORA DEL ROSARIO CAMPESTRE,Emergente,2,1
Ciencias naturales,9,GIMNASIO CAMPESTRE DEL NORTE,Emergente,2,2
Ciencias naturales,9,"ABEKA HOMESCHOOL ( PENSACOLA - FLORIDA, ESTADOS UN",Emergente,1,3
Ciencias naturales,9,ACHARA MONTESSORI SCHOOL CHIA,Emergente,1,4
Ciencias naturales,9,COLEGIO ANDINO DE TUNJA,Emergente,1,5
Ciencias naturales,9,COLEGIO BILINGUE CAMPESTRE COLOMBO BRITANICO,Emergente,1,6
Ciencias naturales,9,COLEGIO BILINGUE JOSE MAX LEON,Emergente,1,7
Ciencias naturales,9,COLEGIO BILINGUE MAXIMINO POITIERS,Emergente,1,8
Ciencias naturales,9,COLEGIO CAMPESTRE MAYOR DE INGLATERRA,Emergente,1,9
Ciencias naturales,9,COLEGIO CAMPESTRE MONTECERVINO,Emergente,1,10
Ciencias naturales,9,GIMNASIO CAMPESTRE SANTA SOFIA,En aceleración,4,1
Ciencias naturales,9,GIMNASIO CAMPESTRE DEL NORTE,En aceleración,3,2
Ciencias naturales,9,CENTRO PEDAGÓGICO MANDALA,En aceleración,2,3
Ciencias naturales,9,GIMNASIO SABANA NORTE,En aceleración,2,4
Ciencias naturales,9,AMERICAN SCHOOL SAINT FRANCES,En aceleración,1,5
Ciencias naturales,9,COLEGIO AGUSTINIANO CIUDAD SALITRE,En aceleración,1,6
Ciencias naturales,9,COLEGIO ANDINO DE TUNJA,En aceleración,1,7
Ciencias naturales,9,COLEGIO BILING OXFORD,En aceleración,1,8
Ciencias naturales,9,COLEGIO BILINGUE CAMPESTRE COLOMBO BRITANICO,En aceleración,1,9
Ciencias naturales,9,COLEGIO BILINGUE JOSE MAX LEON,En aceleración,1,10
Ciencias naturales,9,FORTALEZA CEIF WILLIAM MACKINLEY,Progreso limitado,1,1
Ciencias naturales,9,GIMNASIO MODERNO SAN FRANCISCO EL TINTAL,Progreso limitado,1,2
Ciencias naturales,10,GIMNASIO CAMPESTRE DEL NORTE,Avanzado,3,1
Ciencias naturales,10,AMERICAN SCHOOL SAINT FRANCES,Avanzado,2,2
Ciencias naturales,10,GIMNASIO CAMPESTRE SANTA SOFIA,Avanzado,2,3
Ciencias naturales,10,INSTITUCION EDUCATIVA SAN ALBERTO MAGNO,Avanzado,2,4
Ciencias naturales,10,ABRAHAM LINCOLN SCHOOL,Avanzado,1,5
Ciencias naturales,10,COLEGIO ANDINO DE TUNJA,Avanzado,1,6
Ciencias naturales,10,COLEGIO BILINGÜE COLOMBO BRITÁNICO ZIPAQUIRÁ,Avanzado,1,7
Ciencias naturales,10,COLEGIO DE LA PRESENTACION,Avanzado,1,8
Ciencias naturales,10,COLEGIO DE LAS RR ESCLAVAS SAGRADO CORAZÓN DE JESUS,Avanzado,1,9
Ciencias naturales,10,COLEGIO FRANCISCO JOSE DE CALDAS,Avanzado,1,10
Ciencias naturales,10,CIBERCOLEGIO UCN,Emergente,1,1
Ciencias naturales,10,COLEGIO BILINGUE CAMPESTRE COLOMBO BRITANICO,Emergente,1,2
Ciencias naturales,10,COLEGIO CANAPRO,Emergente,1,3
Ciencias naturales,10,COLEGIO COLOMBO AMERICANO,Emergente,1,4
Ciencias naturales,10,COLEGIO DE BOYACÁ,Emergente,1,5
Ciencias naturales,10,COLEGIO DE LA PRESENTACIÓN TUNJA,Emergente,1,6
Ciencias naturales,10,COLEGIO FRANCISCO JOSÉ DE CALDAS,Emergente,1,7
Ciencias naturales,10,COLEGIO MONTESSORI,Emergente,1,8
Ciencias naturales,10,COLEGIO REFOUS,Emergente,1,9
Ciencias naturales,10,COUNTRY BILINGUAL SCHOOL,Emergente,1,10
Ciencias naturales,10,GIMNASIO CAMPESTRE SANTA SOFIA,En aceleración,3,1
Ciencias naturales,10,LICEO CAMPESTRE THOMAS DE IRIARTE,En aceleración,3,2
Ciencias naturales,10,COLEGIO ANDINO DE TUNJA,En aceleración,2,3
Ciencias naturales,10,COLEGIO DE LA PRESENTACIÓN DE ZIPAQUIRA,En aceleración,2,4
Ciencias naturales,10,GIMNASIO CAMPESTRE OXFORD,En aceleración,2,5
Ciencias naturales,10,LICEO DE LOS ANDES,En aceleración,2,6
Ciencias naturales,10,UNICAB,En aceleración,2,7
Ciencias naturales,10,AMERICAN SCHOOL,En aceleración,1,8
Ciencias naturales,10,AUSTRALIANO CAMPESTRE BILINGUE,En aceleración,1,9
Ciencias naturales,10,CEHO,En aceleración,1,10
Ciencias naturales,10,COLEGIO PADRE MANYANETH,Progreso limitado,1,1
Ciencias naturales,10,COLEGIO SAN VIATOR TUNJA,Progreso limitado,1,2
Ciencias naturales,10,INNOVA HOME,Progreso limitado,1,3
Ciencias naturales,10,INNOVA SCHOOLS,Progreso limitado,1,4
Ciencias naturales,10,INSTITUTO SALESIANO SAN JOSE,Progreso limitado,1,5